0.0,0.026798309102435077,0.0,8.215095564542715e-17,0.0,1.631604368514105e-14
0.1732,0.026798309102434834,0.0,8.197371497369501e-17,0.0,1.631528434453382e-14
0.34641,0.026798309102434782,0.0,8.197371497369501e-17,0.0,1.6315851409496966e-14
0.51962,0.026798309102434782,0.0,8.197371497369501e-17,0.0,1.6315851409496966e-14
0.69282,0.026798309102434782,0.0,8.215095564542715e-17,0.0,1.6315963639728548e-14
0.86603,0.02679830910243499,0.0,8.197371497369501e-17,0.0,1.6316067323668943e-14
1.0392,0.026798309102434838,0.0,8.215095564542715e-17,0.0,1.6315396578666124e-14
1.2124,0.026798309102434838,0.0,8.215095564542715e-17,0.0,1.6315396578666124e-14
1.3856,0.02679830910243489,0.0,8.215095564542715e-17,0.0,1.6316235651129612e-14
1.5588,0.026798309102434904,0.0,8.197371497369501e-17,0.0,1.6316317754708334e-14
1.7321,0.02679830910243499,0.0,8.197371497369501e-17,0.0,1.6316067323668943e-14
1.9053,0.026798309102435008,0.0,8.215095564542715e-17,0.0,1.6315878306705795e-14
2.0785,0.026798309102434924,0.0,8.215095564542715e-17,0.0,1.631593440645581e-14
2.2517,0.02679830910243495,0.0,8.215095564542715e-17,0.0,1.6315742436922896e-14
2.4249,0.026798309102434782,0.0,8.197371497369501e-17,0.0,1.6315851409496966e-14
2.5981,0.026798309102435008,0.0,8.215095564542715e-17,0.0,1.6316521244387984e-14
2.7713,0.026798309102435035,0.0,8.197371497369501e-17,0.0,1.631509178327069e-14
2.9445,0.026798309102435077,0.0,8.215095564542715e-17,0.0,1.631604368514105e-14
3.1177,0.026798309102434782,0.0,8.215095564542715e-17,0.0,1.6315963639728548e-14
3.2909,0.026798309102434782,0.0,8.197371497369501e-17,0.0,1.6315851409496966e-14
3.4641,0.026798309102434838,0.0,8.215095564542715e-17,0.0,1.6315396578666124e-14
3.6373,0.026798309102434924,0.0,8.215095564542715e-17,0.0,1.631593440645581e-14
3.8105,0.026798309102435088,0.0,8.197371497369501e-17,0.0,1.6315159136933913e-14
3.9837,0.026798309102434838,0.0,8.215095564542715e-17,0.0,1.6315396578666124e-14
4.1569,0.026798309102434904,0.0,8.197371497369501e-17,0.0,1.6316615457405863e-14
4.3301,0.026798309102434904,0.0,8.197371497369501e-17,0.0,1.6316317754708334e-14
4.5033,0.023120635824395594,0.0,2.6640340470351104e-14,0.0,1.631604368514105e-14
4.6765,0.023128219022065535,0.0,2.664880652985607e-14,0.0,1.631640400759239e-14
4.8497,0.023128219022065626,0.0,2.6649367431754238e-14,0.0,1.6316067323668943e-14
5.0229,0.023128219022065657,0.0,2.6649773190422792e-14,0.0,1.6316317754708334e-14
5.1962,0.023128219022065688,0.0,2.6649483871573792e-14,0.0,1.631593440645581e-14
5.3694,0.023128219022065504,0.0,2.664935585737877e-14,0.0,1.6316235651129612e-14
5.5426,0.023128219022065487,0.0,2.6648790250105837e-14,0.0,1.6316214994529597e-14
5.7158,0.023128219022065577,0.0,2.6649351152346657e-14,0.0,1.6315878306705795e-14
5.889,0.023128219022065504,0.0,2.664935585737877e-14,0.0,1.6316235651129612e-14
6.0622,0.023128219022065626,0.0,2.6649367431754238e-14,0.0,1.6316067323668943e-14
6.2354,0.023128219022065712,0.0,2.6649313549700145e-14,0.0,1.6315484311958547e-14
6.4086,0.023128219022065626,0.0,2.6649367431754238e-14,0.0,1.6316067323668943e-14
6.5818,0.023128219022065688,0.0,2.6649483871573792e-14,0.0,1.631593440645581e-14
6.755,0.023128219022065626,0.0,2.6649367431754238e-14,0.0,1.6316067323668943e-14
6.9282,0.023128219022065657,0.0,2.6649773190422792e-14,0.0,1.6316317754708334e-14
7.1014,0.023128219022065657,0.0,2.6649773190422792e-14,0.0,1.6316317754708334e-14
7.2746,0.023128219022065626,0.0,2.6649367431754238e-14,0.0,1.6316067323668943e-14
7.4478,0.023128219022065577,0.0,2.6649351152346657e-14,0.0,1.6315878306705795e-14
7.621,0.023128219022065626,0.0,2.6649367431754238e-14,0.0,1.6316067323668943e-14
7.7942,0.023128219022065577,0.0,2.6649351152346657e-14,0.0,1.6315878306705795e-14
7.9674,0.023128219022065504,0.0,2.664935585737877e-14,0.0,1.6316235651129612e-14
8.1406,0.023128219022065487,0.0,2.665000753394148e-14,0.0,1.6316818943372818e-14
8.3138,0.023128219022065646,0.0,2.664935585737877e-14,0.0,2.6928086423525753e-14
8.4871,0.023128219022065567,0.0,2.6649820936294e-14,0.0,2.6945959738502922e-14
8.6603,0.023128219022065567,0.0,2.6649820936294e-14,0.0,2.6945959738502922e-14
8.8335,0.023128219022065726,0.0,2.6649611885153883e-14,0.0,2.6946050402112102e-14
9.0067,0.023128219022065726,0.0,2.6649611885153883e-14,0.0,2.6946050402112102e-14
9.1799,0.011355984209523004,0.0,8.648852993360846e-14,0.0,2.6945959738502922e-14
9.3531,0.01135598420952307,0.0,8.648761281028762e-14,0.0,2.6946050402112102e-14
9.5263,0.011355984209522947,0.0,8.648809009233108e-14,0.0,2.6946579040633404e-14
9.6995,0.011355984209522947,0.0,8.648809009233108e-14,0.0,4.6253687035066954e-14
9.8727,0.01135598420952306,0.0,8.648825879661464e-14,0.0,4.625439650908124e-14
10.046,0.011355984209522909,0.0,8.648809009233108e-14,0.0,4.6253687035066954e-14
10.219,0.01135598420952307,0.0,8.648827670968248e-14,0.0,4.625383069819867e-14
10.392,0.023584334092017597,0.0,5.219432244060274e-14,0.0,4.6253503576306246e-14
10.566,0.02366543565584755,0.0,5.2646450281031076e-14,0.0,4.625389019535865e-14
10.739,0.023665435655847406,0.0,5.264673451736529e-14,0.0,4.625439650908124e-14
10.912,0.023665435655847503,0.0,5.2646851580066836e-14,0.0,4.6253503576306246e-14
11.085,0.02366543565584764,0.0,5.264673749919027e-14,0.0,4.6253328238540026e-14
11.258,0.023665435655847503,0.0,5.2646851580066836e-14,0.0,4.6253503576306246e-14
11.432,0.023665435655847424,0.0,5.2646451929141336e-14,0.0,4.625383069819867e-14
11.605,0.023665435655847507,0.0,5.2646851580066836e-14,0.0,4.62538704931e-14
11.778,0.023651931196783126,0.0,5.257110592563945e-14,0.0,4.6253923310748604e-14
11.951,0.011355984209522985,0.0,8.648797375855515e-14,0.0,4.6253328238540026e-14
12.124,0.011355984209522909,0.0,8.648809009233108e-14,0.0,4.6253687035066954e-14
12.298,0.011355984209522947,0.0,8.648852976543839e-14,0.0,4.6253503576306246e-14
12.471,0.011355984209522947,0.0,8.648852976543839e-14,0.0,4.6253503576306246e-14
12.644,0.01135598420952307,0.0,8.648761281028762e-14,0.0,4.625371694097718e-14
12.817,0.01135598420952299,0.0,8.648792392188545e-14,0.0,4.6252813802155916e-14
12.99,0.01135598420952299,0.0,8.648852976543839e-14,0.0,4.62538704931e-14
13.164,0.011355984209523004,0.0,8.648852993360846e-14,0.0,4.625340888098296e-14
13.337,0.011355984209523004,0.0,8.648852993360846e-14,0.0,2.0859492791792928e-13
13.51,0.011355984209523023,0.0,8.648781630960696e-14,0.0,2.0859568628625548e-13
13.683,0.01135598420952307,0.0,8.648827670968248e-14,0.0,2.0859489246995521e-13
13.856,0.011355984209522909,0.0,8.648809009233108e-14,0.0,2.0859496723456555e-13
14.03,0.01135598420952303,0.0,8.648769997546277e-14,0.0,2.085951830070764e-13
14.203,0.01135598420952299,0.0,8.64883719811616e-14,0.0,2.085953031520259e-13
14.376,0.01135598420952299,0.0,8.648792392188545e-14,0.0,2.085952362066117e-13
14.549,0.011355984209522909,0.0,8.648809009233108e-14,0.0,2.0859496723456555e-13
14.722,0.01135598420952307,0.0,8.648761281028762e-14,0.0,2.085955129973764e-13
14.896,0.011355984209523034,0.0,8.648836387418852e-14,0.0,2.0859421273471177e-13
15.069,0.03861079624851916,0.0,1.7505802298298987e-14,0.0,2.085950804501829e-13
15.242,0.03861079624851916,0.0,1.7505802298298987e-14,0.0,2.085950804501829e-13
15.415,0.03861079624851916,0.0,1.7505802298298987e-14,0.0,2.085950804501829e-13
15.588,0.03861079624851923,0.0,1.7505802298298987e-14,0.0,2.0859568628625548e-13
15.762,0.03861079624851927,0.0,1.7505802298298987e-14,0.0,2.085951830070764e-13
15.935,0.03861079624851944,0.0,1.7505967866863146e-14,0.0,2.0859489246995521e-13
16.108,0.03861079624851931,0.0,1.7505715172907476e-14,0.0,2.0859493526335082e-13
16.281,0.03861079624851944,0.0,1.7505967866863146e-14,0.0,2.0859489246995521e-13
16.454,0.038610796248519284,0.0,1.7505802298298987e-14,0.0,2.085951421059872e-13
16.628,0.03861079624851927,0.0,1.7505715172907476e-14,0.0,2.775885192043647e-13
16.801,0.0385481346509154,0.0,1.7913359667187997e-14,0.0,2.7758854659711174e-13
16.974,0.030971505720086348,0.0,3.54093927401878e-13,0.0,2.775892206844094e-13
17.147,0.030971505720086494,0.0,3.540942839164045e-13,0.0,2.7758870819276366e-13
17.321,0.04354027279541091,0.0,3.45552281816899e-13,0.0,2.7758886930229546e-13
17.494,0.04354027279541091,0.0,3.45552281816899e-13,0.0,2.7758886930229546e-13
17.667,0.0435402727954109,0.0,3.4555275085279514e-13,0.0,2.775885192043647e-13
17.84,0.043540272795410805,0.0,3.455519428110497e-13,0.0,6.610651806990912e-12
18.013,0.04354027279541071,0.0,3.455521258855998e-13,0.0,6.6202950323277195e-12
18.187,0.04354027279541079,0.0,3.455524912201584e-13,0.0,6.620294940090492e-12
18.36,0.04354027279541091,0.0,3.45552281816899e-13,0.0,6.6202954974296475e-12
18.533,0.043540272795410805,0.0,3.4555139594829677e-13,0.0,6.620294873439593e-12
18.706,0.04354027279541079,0.0,3.455524912201584e-13,0.0,6.620294940090492e-12
18.879,0.04354027279541071,0.0,3.455521258855998e-13,0.0,6.6202950323277195e-12
19.053,0.04354027279541088,0.0,3.455525169829888e-13,0.0,6.620295530846308e-12
19.226,0.04354027279541078,0.0,3.455515540207862e-13,0.0,6.6039271362579246e-12
19.399,0.04354027279541071,0.0,3.45551760662415e-13,0.0,7.718312142415205e-13
19.572,0.04354027279541071,0.0,3.455525441827299e-13,0.0,7.718310969259698e-13
19.745,0.04354027279541088,0.0,3.455525169829888e-13,0.0,7.718309514540906e-13
19.919,0.0435402727954109,0.0,3.45552124589474e-13,0.0,7.718304781835848e-13
20.092,0.04354027279541088,0.0,3.455525169829888e-13,0.0,7.718309514540906e-13
20.265,0.04354027279541072,0.0,3.4555176277569735e-13,0.0,7.71830868432281e-13
20.438,0.04354027279541072,0.0,3.4555176277569735e-13,0.0,7.71830868432281e-13
20.611,0.04354027279541072,0.0,3.4555176277569735e-13,0.0,7.71830868432281e-13
20.785,0.04354027279541085,0.0,3.455521265343884e-13,0.0,7.718312199358124e-13
20.958,0.04354027279541088,0.0,3.455525169829888e-13,0.0,7.718309514540906e-13
21.131,0.04354027279541085,0.0,3.455521258855998e-13,0.0,7.718309514540906e-13
21.304,0.04354027279541085,0.0,3.45551760662415e-13,0.0,7.718307740979e-13
21.477,0.04354027279541088,0.0,3.455518907192438e-13,0.0,7.718310166697715e-13
21.651,0.04354027279541085,0.0,3.45551760662415e-13,0.0,7.718307740979e-13
21.824,0.04354027279541085,0.0,3.4555142235999874e-13,0.0,7.718310969259698e-13
21.997,0.04354027279541088,0.0,3.455525169829888e-13,0.0,7.718309514540906e-13
22.17,0.04354027279541071,0.0,3.455521258855998e-13,0.0,7.718313915976099e-13
22.343,0.043540272795410756,0.0,3.4555236105179575e-13,0.0,5.341606328944219e-13
22.517,0.04354027279541071,0.0,3.45551760662415e-13,0.0,5.341607329017455e-13
22.69,0.043540272795410805,0.0,3.455519428110497e-13,0.0,5.341611688349069e-13
22.863,0.04354027279541085,0.0,3.455521258855998e-13,0.0,5.341606755278849e-13
23.036,0.04354027279541078,0.0,3.455515540207862e-13,0.0,5.341602100440098e-13
23.209,0.04354027279541079,0.0,3.455524912201584e-13,0.0,5.341606181540182e-13
23.383,0.04354027279541085,0.0,3.4555196922270984e-13,0.0,5.341615736982761e-13
23.556,0.043540272795410805,0.0,3.455519428110497e-13,0.0,5.341611688349069e-13
23.729,0.043540272795410756,0.0,3.4555236105179575e-13,0.0,5.341606328944219e-13
23.902,0.04354027279541066,0.0,3.4555176260878287e-13,0.0,5.341599805483058e-13
24.076,0.04354027279541085,0.0,3.455521265343884e-13,0.0,5.341606181540182e-13
24.249,0.04354027279541072,0.0,3.4555155385387165e-13,0.0,5.34159703584361e-13
24.422,0.04354027279541091,0.0,3.45552281816899e-13,0.0,5.341610377581974e-13
24.595,0.04354027279541072,0.0,3.4555155385387165e-13,0.0,5.34159703584361e-13
24.768,0.04354027279541071,0.0,3.455521258855998e-13,0.0,1.7112170173916044e-11
24.942,0.04354027279541088,0.0,3.455525169829888e-13,0.0,1.7179382202225802e-11
25.115,0.04354027279541066,0.0,3.4555176260878287e-13,0.0,1.7179381192166022e-11
25.288,0.04354027279541079,0.0,3.455524912201584e-13,0.0,1.7179381973063856e-11
25.461,0.04354027279541085,0.0,3.45551760662415e-13,0.0,1.7179382125743975e-11
25.634,0.04354027279541071,0.0,3.45551760662415e-13,0.0,1.7179382125743975e-11
25.808,0.04354027279541085,0.0,3.45551760662415e-13,0.0,1.7179382125743975e-11
25.981,0.04354027279541071,0.0,3.455521258855998e-13,0.0,1.7179382023056045e-11
26.154,0.04354027279541086,0.0,3.4555246494787516e-13,0.0,1.717938266908567e-11
26.327,0.04354027279541071,0.0,3.455525441827299e-13,0.0,1.7179382123040445e-11
26.5,0.04354027279541085,0.0,3.455521258855998e-13,0.0,1.7179382023056045e-11
26.674,0.0344210212030142,0.0,6.013656643235105e-13,0.0,1.5237018018923924e-10
26.847,0.03442102120301444,0.0,6.013652931978199e-13,0.0,1.5237018018824117e-10
27.02,0.03442096327621602,0.0,6.012739988660438e-13,0.0,1.523701805185834e-10
27.193,0.035354897953424544,0.0,3.6094270707219705e-13,0.0,1.5237018018824117e-10
27.366,0.03535489795342451,0.0,3.609426400935935e-13,0.0,1.52370180021685e-10
27.54,0.035354897953424544,0.0,3.6094270707219705e-13,0.0,1.5237018018824117e-10
27.713,0.03535489795342429,0.0,3.6094302240588385e-13,0.0,1.5237018068513957e-10
27.886,0.03535489795342438,0.0,3.6094282467448917e-13,0.0,1.5237018059759422e-10
28.059,0.03535489795342452,0.0,3.609424247273264e-13,0.0,1.523701805185834e-10
28.232,0.03535489795342452,0.0,3.609424247273264e-13,0.0,1.523701805185834e-10
28.406,0.035354897953424426,0.0,3.6094270707219705e-13,0.0,1.5237018068513957e-10
28.579,0.03535489795342447,0.0,3.6094231695035064e-13,0.0,1.5237018068802176e-10
28.752,0.03535489795342451,0.0,3.6094250636423373e-13,0.0,1.5237017995951586e-10
28.925,0.03535489795342445,0.0,3.6094264953273897e-13,0.0,9.458100057527044e-12
29.098,0.03535489795342451,0.0,3.6094250636423373e-13,0.0,9.213824151659979e-12
29.272,0.035354897953424454,0.0,3.6094250636423373e-13,0.0,9.213823756622426e-12
29.445,0.03535489795342444,0.0,3.6094253103552573e-13,0.0,9.213823249174296e-12
29.618,0.03535489795342449,0.0,3.6094272803201477e-13,0.0,9.21382331480611e-12
29.791,0.035354897953424454,0.0,3.6094250636423373e-13,0.0,9.213823756622426e-12
29.964,0.03535489795342438,0.0,3.6094282467448917e-13,0.0,9.21382378570656e-12
30.138,0.03535489795342429,0.0,3.6094302240588385e-13,0.0,9.213823405211058e-12
30.311,0.035354897953424426,0.0,3.6094270707219705e-13,0.0,9.213823949206854e-12
30.484,0.03535489795342451,0.0,3.6094250636423373e-13,0.0,9.213824151659979e-12
30.657,0.03535489795342452,0.0,3.609424135929351e-13,0.0,9.21382343353481e-12
30.831,0.03535489795342453,0.0,3.609428209630296e-13,0.0,9.213823255492439e-12
31.004,0.03535489795342429,0.0,3.6094302240588385e-13,0.0,9.213823405211058e-12
31.177,0.03535489795342451,0.0,3.609426400935935e-13,0.0,9.213824312007727e-12
31.35,0.03535489795342429,0.0,3.6094302240588385e-13,0.0,9.213823405211058e-12
31.523,0.03535489795342451,0.0,3.6094250636423373e-13,0.0,9.213824151659979e-12
31.697,0.03535489795342451,0.0,3.609426400935935e-13,0.0,9.213824312007727e-12
31.87,0.03535489795342451,0.0,3.6094250636423373e-13,0.0,9.213824151659979e-12
32.043,0.03535489795342438,0.0,3.6094282467448917e-13,0.0,9.21382378570656e-12
32.216,0.03535489795342452,0.0,3.609424135929351e-13,0.0,9.21382343353481e-12
32.389,0.04950490608008886,0.0,2.8843505660320865e-12,0.0,9.21382343353481e-12
32.563,0.04950490608008867,0.0,2.8843499137954277e-12,0.0,9.213823292800503e-12
32.736,0.04950490608008886,0.0,2.884349998509607e-12,0.0,9.213823756622426e-12
32.909,0.04950490608008867,0.0,2.884350420807806e-12,0.0,9.213823554169291e-12
33.082,0.04950490608008864,0.0,2.8843495413589406e-12,0.0,2.5095819298986953e-10
33.255,0.04950490608008861,0.0,2.884349502389814e-12,0.0,2.514379453059442e-10
33.429,0.04950490608008864,0.0,2.8843495413589406e-12,0.0,2.514379453900405e-10
33.602,0.04950490608008864,0.0,2.8843501382342848e-12,0.0,2.5143794526384607e-10
33.775,0.049504906080088555,0.0,2.884349502389814e-12,0.0,2.514379451434255e-10
33.948,0.04950490608008867,0.0,2.884350420807806e-12,0.0,2.5143794560094155e-10
34.121,0.04950490608008892,0.0,2.884349650277185e-12,0.0,2.514379453479424e-10
34.295,0.049504906080088715,0.0,2.884349502389814e-12,0.0,2.514379451434255e-10
34.468,0.04950490608008867,0.0,2.884350420807806e-12,0.0,2.5143794560094155e-10
34.641,0.04950490608008867,0.0,2.884349990236696e-12,0.0,2.5143794628085646e-10
34.814,0.04950490608008862,0.0,2.884349502389814e-12,0.0,2.514379454684628e-10
34.987,0.04950490608008867,0.0,2.8843499137954277e-12,0.0,2.514379457569762e-10
35.161,0.0495049060800887,0.0,2.884349502389814e-12,0.0,2.514379454684628e-10
35.334,0.04950490608008892,0.0,2.8843501745403594e-12,0.0,2.514379453480422e-10
35.507,0.04950490608008864,0.0,2.8843495413589406e-12,0.0,2.514379453900405e-10
35.68,0.04950490608008886,0.0,2.8843505660320865e-12,0.0,1.0444689614055525e-06
35.853,0.03169881404513658,0.0,5.141776364034382e-12,0.0,1.0444689614055525e-06
36.027,0.03169881404513654,0.0,5.1417766054847915e-12,0.0,1.044468961405648e-06
36.2,0.03169881404513672,0.0,5.14177655231957e-12,0.0,1.0444689614056982e-06
36.373,0.03169881404513653,0.0,5.1417766167982175e-12,0.0,1.04446896140536e-06
36.546,0.03169881404513653,0.0,5.141776638874048e-12,0.0,1.0444689614053634e-06
36.719,0.0316988140451364,0.0,5.1417769636586335e-12,0.0,1.0444689614058438e-06
36.893,0.03169881404513654,0.0,5.1417766054847915e-12,0.0,1.044468961405648e-06
37.066,0.03169881404513653,0.0,5.141776638874048e-12,0.0,1.0444689614053634e-06
37.239,0.03169881404513653,0.0,5.141776092644505e-12,0.0,1.0444689614050241e-06
37.412,0.026642742268535566,0.0,3.266977068252782e-06,0.0,1.0444689614056048e-06
37.585,0.026642742268535715,0.0,3.2669770682524447e-06,0.0,1.0444689614056982e-06
37.759,0.026642742268535562,0.0,3.2669770682530567e-06,0.0,1.0444689614061772e-06
37.932,0.026642742268535653,0.0,3.2669770682520487e-06,0.0,1.0444689614053634e-06
38.105,0.026642742268535653,0.0,3.2669770682520487e-06,0.0,1.0444689614053634e-06
38.278,0.026642742268535715,0.0,3.2669770682524447e-06,0.0,1.0444689614056982e-06
38.452,0.026642742268535653,0.0,3.2669770682521613e-06,0.0,1.0418744676769125e-06
38.625,0.026642742268535653,0.0,3.2669770682521613e-06,0.0,5.724888054363121e-07
38.798,0.026642742268535653,0.0,3.2669770682520487e-06,0.0,5.724888054363121e-07
38.971,0.026642742268535653,0.0,3.2669770682521613e-06,0.0,5.724888054363121e-07
39.144,0.026642742268535653,0.0,3.2669770682520487e-06,0.0,5.724888054363121e-07
39.318,0.026642742268535653,0.0,3.266977068252659e-06,0.0,5.724888054357687e-07
39.491,0.026642742268535653,0.0,3.2669770682521613e-06,0.0,5.724888054363121e-07
39.664,0.026642742268535653,0.0,3.2669770682526594e-06,0.0,5.724888054364188e-07
39.837,0.026642742268535562,0.0,3.2669770682529444e-06,0.0,5.724888054361589e-07
40.01,0.026642742268535715,0.0,3.2669770682526297e-06,0.0,5.72488805436089e-07
40.184,0.026642742268535653,0.0,3.2669770682523206e-06,0.0,5.72488805436479e-07
40.357,0.026642742268535653,0.0,3.2669770682523206e-06,0.0,5.724888054359222e-07
40.53,0.026642742268535715,0.0,3.2669770682524447e-06,0.0,5.72488805436498e-07
40.703,0.026642742268535715,0.0,3.2669770682524447e-06,0.0,5.72488805436498e-07
40.876,0.026642742268535653,0.0,3.2669770682526594e-06,0.0,5.72488805435769e-07
41.05,0.026642742268535562,0.0,3.2669770682529444e-06,0.0,5.724888054361589e-07
41.223,0.026642742268535715,0.0,3.2669770682526297e-06,0.0,5.746948099234361e-07
41.396,0.026642742268535715,0.0,3.2669770682524447e-06,0.0,1.593829006154405e-06
41.569,0.026642742268535715,0.0,3.2669770682526297e-06,0.0,1.5938290061541948e-06
41.742,0.026642742268535715,0.0,3.2669770682526297e-06,0.0,1.5938290061541948e-06
41.916,0.026642742268535653,0.0,3.266977068252659e-06,0.0,1.593829006153797e-06
42.089,0.026642742268535566,0.0,3.266977068252782e-06,0.0,1.5938290061544745e-06
42.262,0.026642742268535653,0.0,3.2669770682524074e-06,0.0,1.5938290061540305e-06
42.435,0.026642742268535562,0.0,3.2669770682529444e-06,0.0,1.5938290061540063e-06
42.608,0.026642742268535562,0.0,3.2669770682530567e-06,0.0,1.5938290061539225e-06
42.782,0.026642742268535653,0.0,3.2669770682520487e-06,0.0,1.5938290061541603e-06
42.955,0.026642742268535562,0.0,3.266977068251882e-06,0.0,1.5938290061548241e-06
43.128,0.026642742268535562,0.0,3.2669770682525256e-06,0.0,1.593829006154195e-06
43.301,0.026642742268535653,0.0,3.2669770682526594e-06,0.0,1.593829006154614e-06
43.474,0.026642742268535653,0.0,3.2669770682524074e-06,0.0,1.5938290061540305e-06
43.648,0.026642742268535715,0.0,3.266977068251986e-06,0.0,1.5938290061548237e-06
43.821,0.026642742268535562,0.0,3.2669770682525256e-06,0.0,1.593829006154195e-06
43.994,0.026642742268535653,0.0,3.2669770682520487e-06,0.0,1.5938290061541603e-06
44.167,0.026642742268535653,0.0,3.2669770682520487e-06,0.0,1.5938290061541603e-06
44.34,0.026642742268535653,0.0,3.2669770682520487e-06,0.0,1.5938290061541603e-06
44.514,0.026642742268535653,0.0,3.2669770682524828e-06,0.0,5.342729669137472e-06
44.687,0.026642742268535653,0.0,3.2669770682523206e-06,0.0,5.342729669137406e-06
44.86,0.026642742268535653,0.0,3.2669770682520487e-06,0.0,5.342729669137283e-06
45.033,0.026642742268535653,0.0,3.266977068252659e-06,0.0,5.342729669137949e-06
45.207,0.026642742268535653,0.0,3.266977068252659e-06,0.0,5.342729669137949e-06
45.38,0.026642742268535566,0.0,3.266977068252782e-06,0.0,5.342729669137255e-06
45.553,0.026642742268535653,0.0,3.2669770682524074e-06,0.0,5.342729669137472e-06
45.726,0.026642742268535715,0.0,3.2669770682524447e-06,0.0,5.342729669137489e-06
45.899,0.026642742268535715,0.0,3.266977068251986e-06,0.0,5.342729669137954e-06
46.073,0.026642742268535653,0.0,3.2669770682526594e-06,0.0,5.342729669137949e-06
46.246,0.026642742268535566,0.0,3.266977068252782e-06,0.0,5.342729669137255e-06
46.419,0.026642742268535653,0.0,3.2669770682526594e-06,0.0,5.342729669137289e-06
46.592,0.026642742268535653,0.0,3.2669770682521613e-06,0.0,5.342729669137283e-06
46.765,0.026642742268535715,0.0,3.2669770682526297e-06,0.0,5.3427296691373545e-06
46.939,0.026642742268535653,0.0,3.2669770682526594e-06,0.0,5.342729669137289e-06
47.112,0.026642742268535653,0.0,3.2669770682526594e-06,0.0,5.342729669137289e-06
47.285,0.026642742268535566,0.0,3.266977068252782e-06,0.0,5.342729669137255e-06
47.458,0.026642742268535653,0.0,3.2669770682526594e-06,0.0,5.342729669137289e-06
47.631,0.026642742268535715,0.0,3.2669770682526297e-06,0.0,5.3427296691373545e-06
47.805,0.026642742268535653,0.0,3.266977068252659e-06,0.0,5.342729669137383e-06
47.978,0.026642742268535715,0.0,3.2669770682524447e-06,0.0,5.342729669137489e-06
48.151,0.03390950964345864,0.0,3.139625568400851e-06,0.0,7.990339811637565e-06
48.324,0.03391098805208224,0.0,3.1396044827300767e-06,0.0,7.990836396523087e-06
48.497,0.03391098805208221,0.0,3.139604482729009e-06,0.0,7.990836396522755e-06
48.671,0.03391098805208225,0.0,3.139604482729051e-06,0.0,7.990836396523463e-06
48.844,0.03391098805208216,0.0,3.139604482729519e-06,0.0,7.990836396523087e-06
49.017,0.03391098805208214,0.0,3.1396044827290056e-06,0.0,7.99083639652226e-06
49.19,0.03391098805208219,0.0,3.1396044827295668e-06,0.0,7.990836396522938e-06
49.363,0.03391098805208211,0.0,3.139604482729009e-06,0.0,7.990836396522938e-06
49.537,0.03391098805208204,0.0,3.1396044827285533e-06,0.0,2.8835755394590105e-05
49.71,0.03391098805208226,0.0,3.1396044827289616e-06,0.0,2.8835755394590115e-05
49.883,0.03391098805208221,0.0,3.139604482729009e-06,0.0,2.8835755394589732e-05
50.056,0.03391098805208204,0.0,3.1396044827285537e-06,0.0,2.8835755394590105e-05
50.229,0.03391098805208221,0.0,3.139604482729009e-06,0.0,2.8835755394589732e-05
50.403,0.033910988052082196,0.0,3.1396044827284436e-06,0.0,2.883575539458919e-05
50.576,0.03391098805208214,0.0,3.1396044827290056e-06,0.0,2.883575539459027e-05
50.749,0.03391098805208214,0.0,3.1396044827290056e-06,0.0,2.883575539459027e-05
50.922,0.03391098805208211,0.0,3.139604482729009e-06,0.0,2.8835755394589817e-05
51.095,0.03391098805208216,0.0,3.139604482729519e-06,0.0,2.883575539458996e-05
51.269,0.03391098805208221,0.0,3.139604482729009e-06,0.0,2.8835755394589732e-05
51.442,0.03391098805208226,0.0,3.1396044827289616e-06,0.0,2.8835755394590115e-05
51.615,0.03391098805208214,0.0,3.1396044827290056e-06,0.0,2.883575539459027e-05
51.788,0.033910988052082425,0.0,3.1396044827291767e-06,0.0,2.8835755394590115e-05
51.962,0.03391098805208217,0.0,3.1396044827293296e-06,0.0,2.8835755394589898e-05
52.135,0.03391098805208221,0.0,3.1396044827290234e-06,0.0,2.8835755394590074e-05
52.308,0.03391098805208211,0.0,3.139604482729009e-06,0.0,2.8835755394589817e-05
52.481,0.03391098805208221,0.0,3.1396044827290234e-06,0.0,2.8835755394590074e-05
52.654,0.03391098805208221,0.0,3.1396044827290234e-06,0.0,2.8835755394590074e-05
52.828,0.03391098805208221,0.0,3.1396044827290234e-06,0.0,2.8835755394590074e-05
53.001,0.02833493461129939,0.0,0.0006997972294129843,0.0,2.8835755394590115e-05
53.174,0.028334934611299357,0.0,0.0006997972294129843,0.0,2.8835755394589732e-05
53.347,0.028334934611299354,0.0,0.0006997972294129843,0.0,3.6985525766571135e-05
53.52,0.02833493461129939,0.0,0.0006997972294129843,0.0,3.7001795482759064e-05
53.694,0.028334934611299357,0.0,0.0006997972294129844,0.0,3.7001795482758305e-05
53.867,0.02833493461129935,0.0,0.0006997972294129845,0.0,3.70017954827593e-05
54.04,0.028334934611299354,0.0,0.0006997972294129845,0.0,3.70017954827583e-05
54.213,0.028334934611299326,0.0,0.0006997972294129844,0.0,3.7001795482759186e-05
54.386,0.028334934611299354,0.0,0.0006997972294129845,0.0,3.70017954827583e-05
54.56,0.02833493461129935,0.0,0.0006997972294129845,0.0,3.70017954827593e-05
54.733,0.02833493461129935,0.0,0.0006997972294129845,0.0,3.70017954827593e-05
54.906,0.028334934611299357,0.0,0.0006997972294129843,0.0,3.700179548275896e-05
55.079,0.028334934611299357,0.0,0.0006997972294129844,0.0,3.7001795482758874e-05
55.252,0.028334934611299354,0.0,0.0006997972294129845,0.0,3.70017954827583e-05
55.426,0.02360072275391196,0.0,0.0004800292518925979,0.0,3.70017954827593e-05
55.599,0.02360072275391196,0.0,0.00048002925189259856,0.0,3.7001795482758874e-05
55.772,0.02786789606431598,0.0,2.893563240806978e-05,0.0,3.70017954827583e-05
55.945,0.02786957958108691,0.0,2.876056836162725e-05,0.0,3.7001795482759186e-05
56.118,0.027869579581086847,0.0,2.8760568361627913e-05,0.0,3.700179548275918e-05
56.292,0.02786957958108691,0.0,2.876056836162725e-05,0.0,3.7001795482759186e-05
56.465,0.027869579581086917,0.0,2.8760568361628583e-05,0.0,3.700179548275964e-05
56.638,0.027869579581086917,0.0,2.8760568361627913e-05,0.0,3.700179548275918e-05
56.811,0.027869579581087003,0.0,2.8760568361628563e-05,0.0,3.7001795482758305e-05
56.984,0.02786957958108687,0.0,2.8760568361627228e-05,0.0,3.70017954827583e-05
57.158,0.028334934611299357,0.0,0.0006997972294129845,0.0,3.700179548275909e-05
57.331,0.028334934611299357,0.0,0.0006997972294129843,0.0,3.700179548275896e-05
57.504,0.028334934611299357,0.0,0.0006997972294129843,0.0,3.700179548275912e-05
57.677,0.02833493461129935,0.0,0.0006997972294129845,0.0,3.70017954827593e-05
57.85,0.02360072275391196,0.0,0.0004800292518925979,0.0,6.101991421704916e-05
58.024,0.023600722753912028,0.0,0.0004800292518925986,0.0,6.10199142170489e-05
58.197,0.023600722753912014,0.0,0.0004800292518925986,0.0,6.1019914217049055e-05
58.37,0.023600722753912045,0.0,0.0004800292518925983,0.0,6.1019914217048886e-05
58.543,0.023600722753911917,0.0,0.00048002925189259845,0.0,6.1019914217048676e-05
58.717,0.027631157726124417,0.0,0.0011447463682570768,0.0,6.1019914217049374e-05
58.89,0.0276311577261244,0.0,0.0011447463682570777,0.0,6.1019914217048466e-05
59.063,0.02763115772612437,0.0,0.0011447463682570768,0.0,6.101991421704916e-05
59.236,0.02763115772612438,0.0,0.0011447463682570768,0.0,6.1019914217048886e-05
59.409,0.027631157726124327,0.0,0.0011447463682570775,0.0,6.101991421704937e-05
59.583,0.027631157726124393,0.0,0.001144746368257077,0.0,6.101991421704936e-05
59.756,0.0276311577261244,0.0,0.0011447463682570777,0.0,6.1019914217048466e-05
59.929,0.02763115772612438,0.0,0.0011447463682570768,0.0,6.1019914217048886e-05
60.102,0.027631157726124417,0.0,0.0011447463682570768,0.0,6.1019914217049374e-05
60.275,0.027631157726124417,0.0,0.0011447463682570768,0.0,6.1019914217049374e-05
60.449,0.027631157726124393,0.0,0.001144746368257077,0.0,6.1019914217049353e-05
60.622,0.027631157726124386,0.0,0.0011447463682570773,0.0,6.1019914217049055e-05
60.795,0.027631157726124386,0.0,0.0011447463682570773,0.0,6.1019914217049055e-05
60.968,0.027631157726124393,0.0,0.001144746368257077,0.0,6.1019914217049353e-05
61.141,0.0276311577261244,0.0,0.0011447463682570777,0.0,6.1019914217048466e-05
61.315,0.027631157726124393,0.0,0.001144746368257077,0.0,6.1019914217049353e-05
61.488,0.02763115772612438,0.0,0.001144746368257078,0.0,6.1019914217049055e-05
61.661,0.0276311577261244,0.0,0.0011447463682570777,0.0,6.1019914217048466e-05
61.834,0.02763115772612438,0.0,0.001144746368257078,0.0,6.1019914217049055e-05
62.007,0.02763115772612438,0.0,0.001144746368257078,0.0,6.1019914217049055e-05
62.181,0.027631157726124424,0.0,0.0011447463682570773,0.0,7.681935569092662e-05
62.354,0.027631157726124417,0.0,0.0011447463682570768,0.0,7.681935569092693e-05
62.527,0.023286973160857965,0.0,0.0018633059396098205,0.0,7.681935569092654e-05
62.7,0.023285422661811453,0.0,0.0018635646383376278,0.0,7.681935569092765e-05
62.873,0.02328542266181156,0.0,0.001863564638337628,0.0,7.68193556909267e-05
63.047,0.023285422661811453,0.0,0.0018635646383376278,0.0,7.681935569092716e-05
63.22,0.0232854226618115,0.0,0.0018635646383376276,0.0,7.681935569092765e-05
63.393,0.023285422661811432,0.0,0.001863564638337628,0.0,7.681935569092657e-05
63.566,0.023285422661811432,0.0,0.001863564638337628,0.0,7.681935569092662e-05
63.739,0.02328542266181147,0.0,0.0018635646383376278,0.0,7.68193556909271e-05
63.913,0.023285422661811432,0.0,0.001863564638337628,0.0,7.681935569092657e-05
64.086,0.023289850124746592,0.0,0.001863267156512485,0.0,7.681935569092657e-05
64.259,0.026419044073145746,0.0,0.001655327547396982,0.0,7.68193556909267e-05
64.432,0.026419044073145746,0.0,0.001655327547396982,0.0,7.68193556909267e-05
64.605,0.023303043644354884,0.0,0.0018623807436549868,0.0,7.681935569092692e-05
64.779,0.023285422661811432,0.0,0.001863564638337628,0.0,7.681935569092657e-05
64.952,0.023289219708241066,0.0,0.001863636713710103,0.0,7.681935569092657e-05
65.125,0.026932018378838726,0.0,0.0019288127433097918,0.0,7.681935569092746e-05
65.298,0.026932018378838716,0.0,0.001928812743309792,0.0,7.681935569092692e-05
65.472,0.026932018378838747,0.0,0.001928812743309792,0.0,7.681935569092657e-05
65.645,0.026932018378838712,0.0,0.001928812743309792,0.0,7.681935569092716e-05
65.818,0.026932018378838726,0.0,0.001928812743309792,0.0,7.681935569092697e-05
65.991,0.023837124086262422,0.0,0.0017890643283100067,0.0,7.681935569092716e-05
66.164,0.02383231593389359,0.0,0.001788862149494236,0.0,8.25478558591769e-05
66.338,0.023832315933893518,0.0,0.001788862149494236,0.0,8.254785585917767e-05
66.511,0.023832315933893598,0.0,0.001788862149494236,0.0,8.254785585917756e-05
66.684,0.023832315933893608,0.0,0.001788862149494236,0.0,8.627255434930222e-05
66.857,0.023832315933893553,0.0,0.001788862149494236,0.0,8.627255434930255e-05
67.03,0.023832315933893553,0.0,0.001788862149494236,0.0,8.627255434930255e-05
67.204,0.02383231593389355,0.0,0.001788862149494236,0.0,8.627255434930255e-05
67.377,0.02135773410209918,0.0,0.0012168606658807808,0.0,5.313748614879172e-05
67.55,0.021358893406608275,0.0,0.0012169466838049367,0.0,5.3137486148792083e-05
67.723,0.0264190440731456,0.0,0.001655327547396982,0.0,5.313748614879302e-05
67.896,0.026419044073145673,0.0,0.001655327547396982,0.0,5.313748614879285e-05
68.07,0.0264190440731456,0.0,0.001655327547396982,0.0,5.313748614879302e-05
68.243,0.026419044073145638,0.0,0.0016553275473969815,0.0,5.313748614879172e-05
68.416,0.026419044073145638,0.0,0.0016553275473969815,0.0,5.313748614879172e-05
68.589,0.0232854226618115,0.0,0.0018635646383376276,0.0,5.313748614879172e-05
68.762,0.02640369542724288,0.0,0.0016563373701164224,0.0,5.3137486148792144e-05
68.936,0.02641904407314565,0.0,0.001655327547396982,0.0,5.313748614879302e-05
69.109,0.026419044073145673,0.0,0.001655327547396982,0.0,5.313748614879285e-05
69.282,0.026419044073145697,0.0,0.0016553275473969822,0.0,5.313748614879249e-05
69.455,0.026087903548122064,0.0,0.001710678365296454,0.0,5.313748614879302e-05
69.628,0.026087903548122064,0.0,0.0017106783652964537,0.0,5.313748614879172e-05
69.802,0.026087903548122064,0.0,0.0017106783652964537,0.0,5.313748614879302e-05
69.975,0.026087903548122023,0.0,0.0017106783652964537,0.0,5.3137486148792856e-05
70.148,0.026087903548122005,0.0,0.0017106783652964534,0.0,5.3137486148792144e-05
70.321,0.026087903548122054,0.0,0.0017106783652964532,0.0,5.313748614879214e-05
70.494,0.0260879035481221,0.0,0.0017106783652964532,0.0,5.313748614879249e-05
70.668,0.026087903548122054,0.0,0.0017106783652964532,0.0,5.3137486148792144e-05
70.841,0.026087903548122057,0.0,0.0017106783652964537,0.0,5.313748614879213e-05
71.014,0.026087903548122057,0.0,0.0017106783652964537,0.0,5.313748614879266e-05
71.187,0.026087903548122005,0.0,0.0017106783652964534,0.0,5.3137486148792144e-05
71.36,0.026087903548122064,0.0,0.0017106783652964537,0.0,5.313748614879172e-05
71.534,0.026087903548122054,0.0,0.0017106783652964532,0.0,5.313748614879214e-05
71.707,0.026087903548122005,0.0,0.0017106783652964534,0.0,5.3137486148792144e-05
71.88,0.023288909043228216,0.0,0.0018633456067227083,0.0,5.31374861487925e-05
72.053,0.02328542266181147,0.0,0.0018635646383376278,0.0,5.313748614879249e-05
72.227,0.022367201798430443,0.0,0.0010814225529303815,0.0,5.3137486148792144e-05
72.4,0.02236720179843046,0.0,0.0010814225529303815,0.0,5.313748614879285e-05
72.573,0.022368137246481064,0.0,0.0010813319237004504,0.0,5.3137486148792083e-05
72.746,0.02369538418040347,0.0,0.0009743426105546557,0.0,5.313748614879249e-05
72.919,0.023695384180403477,0.0,0.0009743426105546558,0.0,5.313748614879266e-05
73.093,0.023695384180403522,0.0,0.0009743426105546556,0.0,5.313748614879302e-05
73.266,0.023695384180403522,0.0,0.0009743426105546556,0.0,5.313748614879302e-05
73.439,0.02369538418040349,0.0,0.0009743426105546557,0.0,5.313748614879172e-05
73.612,0.02369538418040349,0.0,0.0009743426105546557,0.0,5.313748614879172e-05
73.785,0.023695384180403522,0.0,0.0009743426105546557,0.0,5.313748614879285e-05
73.959,0.023695384180403442,0.0,0.0009743426105546557,0.0,5.3137486148792144e-05
74.132,0.021357734102099363,0.0,0.001216860665880781,0.0,5.3137486148792856e-05
74.305,0.023326805222250516,0.0,0.0004289534051244342,0.0,4.5565614664687924e-05
74.478,0.023326805222250457,0.0,0.00042895340512443425,0.0,4.556561466468782e-05
74.651,0.02332680522225043,0.0,0.00042895340512443425,0.0,4.556561466468748e-05
74.825,0.023326805222250422,0.0,0.00042895340512443425,0.0,4.5565614664688215e-05
74.998,0.023326805222250422,0.0,0.00042895340512443425,0.0,4.5565614664688215e-05
75.171,0.023326805222250478,0.0,0.0004289534051244342,0.0,4.5565614664688114e-05
75.344,0.023326805222250516,0.0,0.0004289534051244342,0.0,4.556561466468745e-05
75.517,0.023326805222250408,0.0,0.0004289534051244342,0.0,4.556561466468783e-05
75.691,0.023326805222250495,0.0,0.0004289534051244342,0.0,4.5565614664686847e-05
75.864,0.023326805222250516,0.0,0.0004289534051244342,0.0,4.556561466468745e-05
76.037,0.02332680522225038,0.0,0.00042895340512443425,0.0,4.556561466468748e-05
76.21,0.02332680522225038,0.0,0.00042895340512443425,0.0,4.556561466468748e-05
76.383,0.02332680522225045,0.0,0.0004289534051244342,0.0,4.5565614664687694e-05
76.557,0.02332680522225045,0.0,0.0004289534051244342,0.0,4.5565614664687694e-05
76.73,0.023326805222250516,0.0,0.0004289534051244342,0.0,4.5565614664687924e-05
76.903,0.02332680522225045,0.0,0.0004289534051244342,0.0,4.5565614664687694e-05
77.076,0.02332680522225043,0.0,0.00042895340512443425,0.0,4.767617353027586e-05
77.249,0.023326805222250443,0.0,0.0004289534051244342,0.0,4.7676173530276326e-05
77.423,0.023326805222250436,0.0,0.0004289534051244342,0.0,4.7676173530275445e-05
77.596,0.023019873039060924,0.0,0.0003239779298067119,0.0,4.7676173530275865e-05
77.769,0.023019873039060945,0.0,0.0003239779298067119,0.0,4.767617353027586e-05
77.942,0.023019873039060924,0.0,0.0003239779298067119,0.0,4.7676173530275865e-05
78.115,0.023019873039060924,0.0,0.0003239779298067119,0.0,4.7676173530275865e-05
78.289,0.023019873039060945,0.0,0.0003239779298067119,0.0,4.767617353027586e-05
78.462,0.023019873039060945,0.0,0.0003239779298067119,0.0,4.7676173530276224e-05
78.635,0.023019873039060945,0.0,0.0003239779298067119,0.0,4.767617353027586e-05
78.808,0.023019873039060945,0.0,0.0003239779298067119,0.0,4.767617353027586e-05
78.982,0.023019873039060924,0.0,0.0003239779298067119,0.0,4.7676173530275865e-05
79.155,0.02302315073827048,0.0,0.00032312131392139853,0.0,4.767617353027551e-05
79.328,0.024158418568651828,0.0,5.793292546512879e-05,0.0,4.7676173530275865e-05
79.501,0.02415841856865182,0.0,5.793292546512938e-05,0.0,4.767617353027545e-05
79.674,0.021830918027818474,0.0,5.912777320601606e-05,0.0,4.7676173530275756e-05
79.848,0.021821893949023924,0.0,5.913255636989894e-05,0.0,4.767617353027556e-05
80.021,0.0218218939490239,0.0,5.9132556369898675e-05,0.0,4.767617353027586e-05
80.194,0.021821893949023865,0.0,5.9132556369898675e-05,0.0,4.767617353027551e-05
80.367,0.02182189394902384,0.0,5.913255636989832e-05,0.0,4.7676173530275865e-05
80.54,0.02182189394902381,0.0,5.91325563698983e-05,0.0,4.7676173530275756e-05
80.714,0.02182189394902384,0.0,5.913255636989832e-05,0.0,4.7676173530275865e-05
80.887,0.02182189394902378,0.0,5.913255636989848e-05,0.0,4.7676173530275506e-05
81.06,0.021821893949023848,0.0,5.913255636989811e-05,0.0,4.767617353027545e-05
81.233,0.021821893949023796,0.0,5.9132556369898776e-05,0.0,4.7676173530275993e-05
81.406,0.021821893949023848,0.0,5.913255636989811e-05,0.0,4.767617353027545e-05
81.58,0.021821893949023802,0.0,5.913255636989894e-05,0.0,4.7676173530275445e-05
81.753,0.021833374731175397,0.0,5.914602579382208e-05,0.0,4.767617353027545e-05
81.926,0.026848490997245348,0.0,6.497584078408377e-05,0.0,4.767617353027586e-05
82.099,0.019953368726088213,0.0,7.02567456786778e-05,0.0,4.7676173530275865e-05
82.272,0.019936437758763602,0.0,7.027152170368602e-05,0.0,4.7676173530276224e-05
82.446,0.01994507450803933,0.0,7.020786106611342e-05,0.0,4.7644749533306576e-05
82.619,0.02189839451089828,0.0,7.383882283505495e-05,0.0,4.061051337916169e-05
82.792,0.021898394510898384,0.0,7.383882283505494e-05,0.0,4.061051337916204e-05
82.965,0.021898394510898308,0.0,7.383882283505494e-05,0.0,4.061051337916133e-05
83.138,0.02189839451089836,0.0,7.383882283505495e-05,0.0,4.061051337916169e-05
83.312,0.021898394510898304,0.0,7.383882283505494e-05,0.0,4.0610513379161596e-05
83.485,0.021898394510898322,0.0,7.383882283505495e-05,0.0,4.061051337916184e-05
83.658,0.0218983945108982,0.0,7.383882283505494e-05,0.0,4.061051337916204e-05
83.831,0.0218983945108982,0.0,7.383882283505494e-05,0.0,4.061051337916204e-05
84.004,0.021898394510898266,0.0,7.383882283505495e-05,0.0,4.061051337916204e-05
84.178,0.02555774921623521,0.0,3.810274192376406e-05,0.0,4.061051337916129e-05
84.351,0.025557749216235204,0.0,3.8102741923764357e-05,0.0,4.0610513379161284e-05
84.524,0.025557749216235184,0.0,3.810274192376441e-05,0.0,4.061051337916184e-05
84.697,0.02555774921623521,0.0,3.810274192376406e-05,0.0,4.061051337916105e-05
84.87,0.02555774921623515,0.0,3.8102741923764905e-05,0.0,4.061051337916204e-05
85.044,0.02555774921623515,0.0,3.8102741923764905e-05,0.0,4.061051337916204e-05
85.217,0.02555774921623521,0.0,3.810274192376406e-05,0.0,4.061051337916129e-05
85.39,0.025557749216235184,0.0,3.810274192376441e-05,0.0,4.061051337916184e-05
85.563,0.02555774921623523,0.0,3.81027419237646e-05,0.0,4.0610513379161704e-05
85.737,0.02555774921623517,0.0,3.810274192376457e-05,0.0,4.061051337916133e-05
85.91,0.02555774921623521,0.0,3.810274192376406e-05,0.0,4.061051337916105e-05
86.083,0.02555774921623515,0.0,3.8102741923764905e-05,0.0,4.061051337916204e-05
86.256,0.025557749216235187,0.0,3.810274192376406e-05,0.0,4.061051337916129e-05
86.429,0.025557749216235184,0.0,3.8102741923764255e-05,0.0,4.06105133791616e-05
86.603,0.025535259950600627,0.0,3.8271836404724784e-05,0.0,4.072005157731063e-05
86.776,0.02135122262283613,0.0,7.569489628829864e-05,0.0,6.56322469767676e-05
86.949,0.02135122262283614,0.0,7.569489628829812e-05,0.0,6.563224697676776e-05
87.122,0.021351222622836143,0.0,7.569489628829831e-05,0.0,6.563224697676776e-05
87.295,0.021351222622836175,0.0,7.569489628829864e-05,0.0,6.563224697676815e-05
87.469,0.021351222622836175,0.0,7.569489628829864e-05,0.0,6.563224697676815e-05
87.642,0.021351222622836143,0.0,7.569489628829831e-05,0.0,6.563224697676776e-05
87.815,0.02135122262283614,0.0,7.569489628829763e-05,0.0,6.563224697676776e-05
87.988,0.021351222622836143,0.0,7.569489628829803e-05,0.0,6.563224697676776e-05
88.161,0.021351222622836123,0.0,7.569489628829805e-05,0.0,6.563224697676787e-05
88.335,0.021351222622836123,0.0,7.569489628829789e-05,0.0,6.563224697676787e-05
88.508,0.021351222622836143,0.0,7.569489628829831e-05,0.0,6.563224697676776e-05
88.681,0.021351222622836143,0.0,7.569489628829812e-05,0.0,6.563224697676776e-05
88.854,0.021351222622836143,0.0,7.569489628829812e-05,0.0,7.441851814701587e-05
89.027,0.021351222622836157,0.0,7.569489628829777e-05,0.0,7.443909850403496e-05
89.201,0.021351222622836175,0.0,7.569489628829864e-05,0.0,7.443909850403441e-05
89.374,0.021351222622836157,0.0,7.569489628829777e-05,0.0,7.443909850403496e-05
89.547,0.021351222622836143,0.0,7.569489628829803e-05,0.0,7.443909850403491e-05
89.72,0.021351222622836123,0.0,7.569489628829789e-05,0.0,7.443909850403485e-05
89.893,0.021351222622836168,0.0,7.569489628829819e-05,0.0,7.443909850403423e-05
90.067,0.021351222622836143,0.0,7.569489628829812e-05,0.0,7.443909850403462e-05
90.24,0.021351222622836185,0.0,7.569489628829842e-05,0.0,7.443909850403525e-05
90.413,0.021351222622836157,0.0,7.569489628829777e-05,0.0,7.443909850403496e-05
90.586,0.021351222622836185,0.0,7.569489628829842e-05,0.0,7.443909850403525e-05
90.759,0.01918771294311484,0.0,7.205553820010956e-05,0.0,7.893530977387108e-05
90.933,0.019176012641624097,0.0,7.203705370333784e-05,0.0,7.896033625881321e-05
91.106,0.01917601264162419,0.0,7.203705370333766e-05,0.0,7.896033625881336e-05
91.279,0.019176012641624083,0.0,7.203705370333784e-05,0.0,7.896033625881321e-05
91.452,0.01917601264162419,0.0,7.203705370333766e-05,0.0,7.896033625881336e-05
91.625,0.02576063467781751,0.0,7.445807222876795e-05,0.0,7.896033625881336e-05
91.799,0.025760634677817525,0.0,7.445807222876802e-05,0.0,7.896033625881344e-05
91.972,0.025760634677817563,0.0,7.445807222876808e-05,0.0,7.89603362588132e-05
92.145,0.025760634677817525,0.0,7.445807222876802e-05,0.0,7.896033625881344e-05
92.318,0.02576063467781754,0.0,7.445807222876821e-05,0.0,7.896033625881321e-05
92.492,0.025760634677817553,0.0,7.445807222876825e-05,0.0,7.89603362588132e-05
92.665,0.0257606346778176,0.0,7.445807222876843e-05,0.0,7.896033625881393e-05
92.838,0.0257606346778176,0.0,7.445807222876843e-05,0.0,7.896033625881393e-05
93.011,0.02576063467781754,0.0,7.445807222876837e-05,0.0,7.896033625881316e-05
93.184,0.025760634677817605,0.0,7.445807222876843e-05,0.0,7.896033625881393e-05
93.358,0.02576063467781751,0.0,7.445807222876795e-05,0.0,7.896033625881336e-05
93.531,0.025760634677817525,0.0,7.445807222876821e-05,0.0,7.896033625881321e-05
93.704,0.015478865072739737,0.0,5.067747257774018e-05,0.0,7.89603362588132e-05
93.877,0.0154788650727398,0.0,5.0677472577740005e-05,0.0,7.896033625881393e-05
94.05,0.016882650742210348,0.0,3.271901888718708e-05,0.0,7.896033625881336e-05
94.224,0.016888498939244267,0.0,3.2645313021506044e-05,0.0,7.896033625881393e-05
94.397,0.016888498939244195,0.0,3.264531302150489e-05,0.0,7.89603362588132e-05
94.57,0.01688849893924431,0.0,3.264531302150558e-05,0.0,7.896033625881321e-05
94.743,0.01688849893924416,0.0,3.2645313021505414e-05,0.0,7.89603362588132e-05
94.916,0.01688849893924423,0.0,3.264531302150535e-05,0.0,7.896033625881336e-05
95.09,0.01688849893924431,0.0,3.264531302150558e-05,0.0,7.896033625881321e-05
95.263,0.016888498939244167,0.0,3.264531302150468e-05,0.0,7.896033625881321e-05
95.436,0.016888498939244222,0.0,3.264531302150507e-05,0.0,7.896033625881344e-05
95.609,0.016888498939244233,0.0,3.2645313021504804e-05,0.0,7.896033625881383e-05
95.782,0.01688849893924416,0.0,3.2645313021505414e-05,0.0,7.89603362588132e-05
95.956,0.016888498939244195,0.0,3.264531302150466e-05,0.0,7.89603362588132e-05
96.129,0.016888498939244195,0.0,3.264531302150489e-05,0.0,7.89603362588132e-05
96.302,0.016888498939244167,0.0,3.264531302150468e-05,0.0,4.936846163498179e-05
96.475,0.01688849893924416,0.0,3.264531302150484e-05,0.0,4.936038992017175e-05
96.648,0.01688849893924416,0.0,3.264531302150484e-05,0.0,4.936038992017175e-05
96.822,0.0168884989392442,0.0,3.264531302150564e-05,0.0,4.9360389920171714e-05
96.995,0.01688849893924431,0.0,3.264531302150558e-05,0.0,4.93603899201715e-05
97.168,0.016888498939244222,0.0,3.264531302150507e-05,0.0,4.9360389920171124e-05
97.341,0.016888498939244167,0.0,3.264531302150491e-05,0.0,4.9360389920171646e-05
97.514,0.016888498939244222,0.0,3.264531302150507e-05,0.0,4.9360389920171124e-05
97.688,0.01688849893924431,0.0,3.264531302150558e-05,0.0,4.93603899201715e-05
97.861,0.016888498939244222,0.0,3.264531302150507e-05,0.0,4.9360389920171124e-05
98.034,0.01688849893924419,0.0,3.264531302150558e-05,0.0,4.936038992017098e-05
98.207,0.016888498939244222,0.0,3.264531302150507e-05,0.0,4.9360389920171124e-05
98.38,0.01688849893924418,0.0,3.2645313021505414e-05,0.0,4.936038992017116e-05
98.554,0.016888498939244222,0.0,3.264531302150507e-05,0.0,4.9360389920171124e-05
98.727,0.016888498939244222,0.0,3.264531302150507e-05,0.0,4.9360389920171124e-05
98.9,0.016888498939244233,0.0,3.264531302150549e-05,0.0,4.9360389920171585e-05
99.073,0.01366845223272068,0.0,2.8550621542207865e-05,0.0,3.5616248862144236e-05
99.247,0.013668452232720795,0.0,2.8550621542207224e-05,0.0,3.561624886214372e-05
99.42,0.013668452232720625,0.0,2.8550621542207753e-05,0.0,3.5616248862143863e-05
99.593,0.013668452232720698,0.0,2.8550621542207577e-05,0.0,3.5616248862144236e-05
99.766,0.013668452232720764,0.0,2.855062154220783e-05,0.0,3.5616248862144805e-05
99.939,0.01366845223272073,0.0,2.8550621542207614e-05,0.0,3.5616248862144616e-05
100.11,0.01366845223272073,0.0,2.8550621542207614e-05,0.0,3.5616248862144616e-05
100.29,0.013668452232720691,0.0,2.8550621542207614e-05,0.0,3.561624886214428e-05
100.46,0.013668452232720795,0.0,2.8550621542207224e-05,0.0,3.561624886214372e-05
100.63,0.018781113438795426,0.0,2.148375389223625e-05,0.0,3.561624886214372e-05
100.81,0.018913489850270807,0.0,2.1319795809010606e-05,0.0,3.5616248862144616e-05
100.98,0.018925831454105604,0.0,2.1554049277545024e-05,0.0,3.561624886214438e-05
101.15,0.01965926190063114,0.0,3.5591031130983755e-05,0.0,3.5616248862144155e-05
101.32,0.019659261900631036,0.0,3.559103113098465e-05,0.0,3.561624886214372e-05
101.5,0.019659261900631102,0.0,3.559103113098467e-05,0.0,3.5616248862144616e-05
101.67,0.01965926190063115,0.0,3.5591031130983925e-05,0.0,3.561624886214372e-05
101.84,0.019659261900631067,0.0,3.559103113098425e-05,0.0,3.5616248862144236e-05
102.02,0.019659261900631046,0.0,3.559103113098449e-05,0.0,3.561624886214442e-05
102.19,0.01965926190063102,0.0,3.5591031130984765e-05,0.0,3.561624886214372e-05
102.36,0.019659261900631112,0.0,3.559103113098492e-05,0.0,3.561624886214438e-05
102.54,0.019659261900631074,0.0,3.559103113098442e-05,0.0,3.5616248862144236e-05
102.71,0.019659261900631064,0.0,3.559103113098425e-05,0.0,3.561624886214467e-05
102.88,0.019659261900631022,0.0,3.559103113098465e-05,0.0,3.561624886214387e-05
103.06,0.019659261900631064,0.0,3.559103113098425e-05,0.0,3.561624886214467e-05
103.23,0.01965926190063114,0.0,3.5591031130983755e-05,0.0,3.5616248862144155e-05
103.4,0.019659261900631074,0.0,3.559103113098442e-05,0.0,3.5616248862144236e-05
103.58,0.019659261900631074,0.0,3.559103113098442e-05,0.0,3.5616248862144236e-05
103.75,0.01965926190063106,0.0,3.559103113098449e-05,0.0,3.561624886214428e-05
103.92,0.019659261900631046,0.0,3.559103113098449e-05,0.0,3.561624886214442e-05
104.1,0.01965926190063106,0.0,3.559103113098449e-05,0.0,3.561624886214428e-05
104.27,0.01965926190063114,0.0,3.5591031130983755e-05,0.0,3.5616248862144155e-05
104.44,0.019659261900631112,0.0,3.559103113098492e-05,0.0,3.561624886214438e-05
104.62,0.019659261900631074,0.0,3.559103113098442e-05,0.0,3.5616248862144236e-05
104.79,0.019659261900631074,0.0,3.559103113098442e-05,0.0,3.5616248862144236e-05
104.96,0.0196592619006311,0.0,3.5591031130985104e-05,0.0,3.5616248862144236e-05
105.14,0.019659261900631077,0.0,3.559103113098449e-05,0.0,3.5616248862144805e-05
105.31,0.01965926190063102,0.0,3.5591031130984765e-05,0.0,3.561624886214372e-05
105.48,0.01965926190063099,0.0,3.559103113098425e-05,0.0,3.561624886214372e-05
105.66,0.019659261900631077,0.0,3.559103113098449e-05,0.0,3.5616248862144805e-05
105.83,0.01984177219054074,0.0,3.5130977904617076e-05,0.0,3.5042479963467124e-05
106.0,0.029033277609071206,0.0,1.3046854921072325e-05,0.0,1.0221636059778838e-05
106.17,0.029033277609071206,0.0,1.3046854921071665e-05,0.0,1.0221636059779061e-05
106.35,0.029033277609071248,0.0,1.304685492107183e-05,0.0,1.0221636059778516e-05
106.52,0.029033277609071297,0.0,1.3046854921071612e-05,0.0,1.0221636059778312e-05
106.69,0.02903327760907126,0.0,1.3046854921071395e-05,0.0,1.0221636059778858e-05
106.87,0.029033277609071283,0.0,1.3046854921071998e-05,0.0,1.0221636059778838e-05
107.04,0.0290332776090713,0.0,1.3046854921071866e-05,0.0,1.02216360597784e-05
107.21,0.0290332776090713,0.0,1.3046854921071866e-05,0.0,1.02216360597784e-05
107.39,0.02900369633917522,0.0,1.2534231321163675e-05,0.0,3.2319323933771325e-06
107.56,0.02816892838284702,0.0,5.4146079269868535e-06,0.0,3.2319323933771325e-06
107.73,0.02816892838284709,0.0,5.414607926985688e-06,0.0,3.231932393376887e-06
107.91,0.028168928382847104,0.0,5.4146079269869255e-06,0.0,3.2319323933767687e-06
108.08,0.02816892838284713,0.0,5.414607926986449e-06,0.0,3.231932393377072e-06
108.25,0.028168928382847104,0.0,5.4146079269869255e-06,0.0,3.2319323933767687e-06
108.43,0.02816892838284702,0.0,5.414607926986647e-06,0.0,3.2319323933771325e-06
108.6,0.02816892838284702,0.0,5.414607926986647e-06,0.0,3.2319323933771325e-06
108.77,0.02816892838284702,0.0,5.414607926986647e-06,0.0,3.2319323933771325e-06
108.95,0.02816892838284709,0.0,5.4146079269871804e-06,0.0,3.2319323933767234e-06
109.12,0.02816892838284702,0.0,5.414607926986647e-06,0.0,3.2319323933771325e-06
109.29,0.02816892838284702,0.0,5.4146079269868535e-06,0.0,3.2319323933771325e-06
109.47,0.027987192670007658,0.0,4.842096616861988e-06,0.0,3.231932393376887e-06
109.64,0.024623814713795402,0.0,8.647437246667801e-06,0.0,3.2319323933771846e-06
109.81,0.024623814713795527,0.0,8.647437246667132e-06,0.0,3.2319323933771325e-06
109.99,0.02462381471379548,0.0,8.64743724666764e-06,0.0,3.2319323933771846e-06
110.16,0.024623814713795534,0.0,8.647437246666883e-06,0.0,3.231932393376887e-06
110.33,0.024623814713795402,0.0,8.647437246667801e-06,0.0,3.2319323933771846e-06
110.5,0.024623814713795492,0.0,8.647437246667794e-06,0.0,3.231932393377072e-06
110.68,0.02816892838284702,0.0,5.414607926985989e-06,0.0,3.231932393376887e-06
110.85,0.0281689283828472,0.0,5.414607926986449e-06,0.0,3.231932393377072e-06
111.02,0.028168928382847094,0.0,5.414607926986145e-06,0.0,3.231932393377072e-06
111.2,0.02816892838284702,0.0,5.414607926986647e-06,0.0,3.2319323933771325e-06
111.37,0.02816892838284709,0.0,5.414607926985688e-06,0.0,3.231932393376887e-06
111.54,0.02816892838284711,0.0,5.414607926986754e-06,0.0,3.231932393377072e-06
111.72,0.02816892838284702,0.0,5.414607926986647e-06,0.0,3.2319323933771325e-06
111.89,0.02816892838284709,0.0,5.414607926987169e-06,0.0,3.2319323933767234e-06
112.06,0.0187525757189862,0.0,2.800545235960979e-05,0.0,3.231932393376887e-06
112.24,0.018333911452449832,0.0,2.9039943117678098e-05,0.0,3.2319323933771325e-06
112.41,0.018333911452449815,0.0,2.903994311767766e-05,0.0,3.231932393376932e-06
112.58,0.018333911452449808,0.0,2.9039943117678098e-05,0.0,3.231932393377072e-06
112.76,0.018333911452449784,0.0,2.9039943117677427e-05,0.0,3.231932393377072e-06
112.93,0.018333911452449846,0.0,2.903994311767752e-05,0.0,3.2319323933767687e-06
113.1,0.01833391145244972,0.0,2.903994311767768e-05,0.0,3.231932393376887e-06
113.28,0.01833391145244972,0.0,2.903994311767768e-05,0.0,3.231932393376887e-06
113.45,0.018333911452449832,0.0,2.9039943117678098e-05,0.0,3.2319323933771325e-06
113.62,0.018333911452449798,0.0,2.9039943117677712e-05,0.0,3.2319323933771846e-06
113.8,0.018333911452449815,0.0,2.903994311767752e-05,0.0,3.231932393376776e-06
113.97,0.018333911452449815,0.0,2.903994311767824e-05,0.0,3.231932393376932e-06
114.14,0.018333911452449832,0.0,2.9039943117678098e-05,0.0,3.2319323933771325e-06
114.32,0.018333911452449825,0.0,2.9039943117677526e-05,0.0,3.2319323933767234e-06
114.49,0.018333911452449756,0.0,2.9039943117677532e-05,0.0,3.231932393377072e-06
114.66,0.011470716710475766,0.0,3.987549711151868e-05,0.0,3.231932393376887e-06
114.83,0.011330835173394308,0.0,4.026732870576535e-05,0.0,3.2319323933767687e-06
115.01,0.011330835173394324,0.0,4.026732870576546e-05,0.0,3.2319323933771325e-06
115.18,0.01133083517339433,0.0,4.026732870576518e-05,0.0,3.2319323933771325e-06
115.35,0.011330835173394246,0.0,4.026732870576431e-05,0.0,1.4145071137510278e-05
115.53,0.011330835173394308,0.0,4.0267328705765e-05,0.0,3.6950190242673276e-05
115.7,0.011330835173394303,0.0,4.026732870576497e-05,0.0,3.69501902426731e-05
115.87,0.011330835173394308,0.0,4.0267328705765e-05,0.0,3.6950190242673276e-05
116.05,0.011330835173394246,0.0,4.026732870576443e-05,0.0,3.695019024267362e-05
116.22,0.01133083517339433,0.0,4.026732870576518e-05,0.0,3.695019024267322e-05
116.39,0.011330835173394282,0.0,4.0267328705765385e-05,0.0,3.695019024267321e-05
116.57,0.011330835173394298,0.0,4.0267328705765006e-05,0.0,3.695019024267362e-05
116.74,0.011330835173394303,0.0,4.026732870576497e-05,0.0,3.69501902426731e-05
116.91,0.011330835173394303,0.0,4.0267328705765405e-05,0.0,3.6950190242672544e-05
117.09,0.011330835173394262,0.0,4.0267328705765324e-05,0.0,3.695019024267313e-05
117.26,0.011330835173394298,0.0,4.0267328705764884e-05,0.0,3.695019024267351e-05
117.43,0.011330835173394308,0.0,4.026732870576535e-05,0.0,3.6950190242673086e-05
117.61,0.011330835173394324,0.0,4.026732870576546e-05,0.0,3.6950190242672144e-05
117.78,0.011330835173394324,0.0,4.026732870576546e-05,0.0,3.6950190242672144e-05
117.95,0.011330835173394282,0.0,4.0267328705765385e-05,0.0,3.6950190242672774e-05
118.13,0.011724532026276676,0.0,4.092570611230156e-05,0.0,3.695019024267362e-05
118.3,0.01959161699770105,0.0,5.523001656851512e-05,0.0,3.695019024267313e-05
118.47,0.019591616997701112,0.0,5.5230016568515275e-05,0.0,3.6950190242673276e-05
118.65,0.01959161699770104,0.0,5.5230016568515275e-05,0.0,3.695019024267272e-05
118.82,0.01959161699770107,0.0,5.523001656851486e-05,0.0,3.695019024267351e-05
118.99,0.019591616997701,0.0,5.523001656851528e-05,0.0,3.695019024267322e-05
119.17,0.019591616997701112,0.0,5.5230016568515106e-05,0.0,3.6950190242672185e-05
119.34,0.019591616997701067,0.0,5.5230016568514916e-05,0.0,3.695019024267318e-05
119.51,0.019591616997701067,0.0,5.523001656851543e-05,0.0,3.695019024267318e-05
119.68,0.019591616997701088,0.0,5.5230016568514936e-05,0.0,3.6950190242673086e-05
119.86,0.019591616997701112,0.0,5.5230016568515275e-05,0.0,3.7096529377679806e-05
120.03,0.019591616997701112,0.0,5.5230016568515106e-05,0.0,4.34944909937117e-05
120.2,0.019591616997701112,0.0,5.5230016568515106e-05,0.0,4.34944909937117e-05
120.38,0.019591616997701112,0.0,5.5230016568515106e-05,0.0,4.34944909937117e-05
120.55,0.01959161699770113,0.0,5.5230016568515126e-05,0.0,4.34944909937112e-05
120.72,0.019591616997701067,0.0,5.523001656851543e-05,0.0,4.349449099371144e-05
120.9,0.01959161699770107,0.0,5.523001656851536e-05,0.0,4.34944909937112e-05
121.07,0.019591616997701067,0.0,5.523001656851543e-05,0.0,4.349449099371144e-05
121.24,0.01959161699770107,0.0,5.523001656851536e-05,0.0,4.34944909937112e-05
121.42,0.019591616997701067,0.0,5.523001656851543e-05,0.0,4.349449099371144e-05
121.59,0.019591616997701133,0.0,5.5230016568514964e-05,0.0,4.349449099371144e-05
121.76,0.019591616997701133,0.0,5.5230016568515445e-05,0.0,4.349449099371144e-05
121.94,0.019591616997700997,0.0,5.523001656851528e-05,0.0,4.349449099371144e-05
122.11,0.01959161699770104,0.0,5.5230016568515275e-05,0.0,4.349449099371144e-05
122.28,0.019591616997701112,0.0,5.5230016568515106e-05,0.0,4.34944909937117e-05
122.46,0.019591616997701067,0.0,5.523001656851543e-05,0.0,4.349449099371144e-05
122.63,0.01959161699770104,0.0,5.5230016568515275e-05,0.0,4.349449099371144e-05
122.8,0.01959161699770109,0.0,5.523001656851511e-05,0.0,4.349449099371145e-05
122.98,0.019591616997701043,0.0,5.523001656851512e-05,0.0,4.349449099371144e-05
123.15,0.019591616997701043,0.0,5.523001656851512e-05,0.0,4.349449099371144e-05
123.32,0.019591616997701112,0.0,5.5230016568515275e-05,0.0,4.349449099371144e-05
123.5,0.01959161699770107,0.0,5.523001656851486e-05,0.0,4.34944909937117e-05
123.67,0.01959161699770104,0.0,5.5230016568515275e-05,0.0,4.356732042929553e-05
123.84,0.019591616997701112,0.0,5.5230016568515106e-05,0.0,4.910075091099352e-05
124.01,0.019591616997701112,0.0,5.5230016568515106e-05,0.0,4.910075091099353e-05
124.19,0.01959161699770109,0.0,5.523001656851511e-05,0.0,4.9100750910992757e-05
124.36,0.01959161699770113,0.0,5.5230016568515126e-05,0.0,4.910075091099353e-05
124.53,0.019591616997701133,0.0,5.5230016568515445e-05,0.0,4.910075091099296e-05
124.71,0.01959161699770109,0.0,5.523001656851511e-05,0.0,4.9100750910992757e-05
124.88,0.01959161699770107,0.0,5.523001656851486e-05,0.0,4.910075091099247e-05
125.05,0.019591616997701133,0.0,5.5230016568515445e-05,0.0,4.910075091099296e-05
125.23,0.01959161699770104,0.0,5.5230016568515275e-05,0.0,8.258089130628624e-05
125.4,0.019591616997701067,0.0,5.5230016568514916e-05,0.0,8.258089130628643e-05
125.57,0.019591616997701133,0.0,5.5230016568515445e-05,0.0,8.258089130628602e-05
125.75,0.019591616997701,0.0,5.523001656851528e-05,0.0,8.258089130628602e-05
125.92,0.01959161699770107,0.0,5.523001656851486e-05,0.0,8.258089130628666e-05
126.09,0.01959161699770107,0.0,5.523001656851486e-05,0.0,8.258089130628666e-05
126.27,0.019591616997701112,0.0,5.5230016568515106e-05,0.0,8.258089130628653e-05
126.44,0.019591616997701133,0.0,5.5230016568515445e-05,0.0,8.258089130628602e-05
126.61,0.019591616997701112,0.0,5.5230016568515275e-05,0.0,8.258089130628624e-05
126.79,0.019591616997700997,0.0,5.523001656851528e-05,0.0,8.258089130628602e-05
126.96,0.01959161699770113,0.0,5.5230016568515126e-05,0.0,8.258089130628602e-05
127.13,0.01959161699770113,0.0,5.5230016568515126e-05,0.0,8.258089130628602e-05
127.31,0.019591616997701105,0.0,5.5230016568515465e-05,0.0,8.258089130628643e-05
127.48,0.019591616997701088,0.0,5.5230016568514936e-05,0.0,8.258089130628624e-05
127.65,0.019591616997701112,0.0,5.5230016568515275e-05,0.0,8.258089130628624e-05
127.83,0.019591616997701088,0.0,5.5230016568514936e-05,0.0,8.258089130628624e-05
128.0,0.019572450705935912,0.0,5.570135186015153e-05,0.0,8.258089130628602e-05
128.17,0.018440914991327405,0.0,9.329373294282347e-05,0.0,8.258089130628666e-05
128.34,0.018440914991327422,0.0,9.329373294282338e-05,0.0,8.258089130628624e-05
128.52,0.018440914991327374,0.0,9.329373294282358e-05,0.0,8.258089130628624e-05
128.69,0.018440914991327374,0.0,9.329373294282358e-05,0.0,8.258089130628624e-05
128.86,0.022649172158768403,0.0,9.502602409494949e-05,0.0,8.327663344505332e-05
129.04,0.022649172158768546,0.0,9.502602409494901e-05,0.0,8.331612895250117e-05
129.21,0.02264917215876858,0.0,9.502602409494949e-05,0.0,8.331612895250042e-05
129.38,0.02264917215876851,0.0,9.502602409494938e-05,0.0,8.331612895250093e-05
129.56,0.022649172158768514,0.0,9.502602409494886e-05,0.0,8.331612895250117e-05
129.73,0.022649172158768546,0.0,9.502602409494903e-05,0.0,8.331612895250117e-05
129.9,0.02264917215876853,0.0,9.50260240949499e-05,0.0,8.331612895250067e-05
130.08,0.022649172158768497,0.0,9.502602409494949e-05,0.0,8.331612895250049e-05
130.25,0.022649172158768504,0.0,9.502602409495003e-05,0.0,8.331612895250065e-05
130.42,0.02264917215876858,0.0,9.502602409495003e-05,0.0,8.331612895250065e-05
130.6,0.022649172158768514,0.0,9.502602409494915e-05,0.0,8.331612895250009e-05
130.77,0.022649172158768497,0.0,9.502602409494949e-05,0.0,8.331612895250078e-05
130.94,0.02264917215876853,0.0,9.502602409494954e-05,0.0,8.331612895250065e-05
131.12,0.02264917215876858,0.0,9.502602409494949e-05,0.0,8.331612895250042e-05
131.29,0.022649172158768473,0.0,9.502602409494951e-05,0.0,8.331612895250087e-05
131.46,0.02264917215876853,0.0,9.502602409495014e-05,0.0,8.331612895250065e-05
131.64,0.022649172158768514,0.0,9.502602409494903e-05,0.0,8.331612895250093e-05
131.81,0.022649172158768473,0.0,9.502602409494951e-05,0.0,8.331612895250087e-05
131.98,0.022649172158768514,0.0,9.502602409494915e-05,0.0,8.055486802701301e-05
132.16,0.0226491721587684,0.0,9.502602409494951e-05,0.0,8.057915276061143e-05
132.33,0.022649172158768546,0.0,9.502602409494901e-05,0.0,8.057915276061135e-05
132.5,0.02264917215876858,0.0,9.502602409494949e-05,0.0,8.057915276061246e-05
132.68,0.026056925454117075,0.0,7.136755565598922e-05,0.0,8.057915276061174e-05
132.85,0.026056925454117145,0.0,7.136755565598913e-05,0.0,8.05791527606114e-05
133.02,0.026056925454117138,0.0,7.136755565598823e-05,0.0,8.057915276061135e-05
133.19,0.026056925454117016,0.0,7.136755565598942e-05,0.0,8.057915276061196e-05
133.37,0.02605692545411715,0.0,7.136755565598913e-05,0.0,9.126078859160047e-05
133.54,0.026056925454117075,0.0,7.136755565598922e-05,0.0,9.126078859160063e-05
133.71,0.026056925454117145,0.0,7.136755565598913e-05,0.0,9.126078859160034e-05
133.89,0.02605692545411705,0.0,7.136755565598861e-05,0.0,9.12607885916006e-05
134.06,0.026056925454117145,0.0,7.136755565598913e-05,0.0,9.126078859160034e-05
134.23,0.026056925454117138,0.0,7.136755565598823e-05,0.0,9.126078859160036e-05
134.41,0.02605692545411715,0.0,7.136755565598814e-05,0.0,9.12607885916006e-05
134.58,0.026056925454117082,0.0,7.136755565598922e-05,0.0,9.126078859160093e-05
134.75,0.012066007873162693,0.0,0.00013742653469782444,0.0,0.00014715384272132544
134.93,0.011264096692076845,0.0,0.00013783660495355618,0.0,0.00014958968981994175
135.1,0.011264096692076831,0.0,0.00013783660495355615,0.0,0.00014958968981994197
135.27,0.011264096692076855,0.0,0.00013783660495355618,0.0,0.00014958968981994145
135.45,0.011264096692076848,0.0,0.00013783660495355615,0.0,0.00014958968981994175
135.62,0.03546644668002605,0.0,0.00013929611118596423,0.0,0.00014958968981994175
135.79,0.03546644668002605,0.0,0.000139296111185964,0.0,0.00014958968981994175
135.97,0.03546644668002598,0.0,0.00013929611118596459,0.0,0.00014958968981994175
136.14,0.03546644668002609,0.0,0.00013929611118596385,0.0,0.00014958968981994186
136.31,0.035466446680026055,0.0,0.00013929611118596467,0.0,0.0001495896898199423
136.49,0.03546644668002607,0.0,0.0001392961111859639,0.0,0.00014958968981994134
136.66,0.03541299417391817,0.0,0.00013906673162462972,0.0,0.0001495896898199417
136.83,0.0315841559251958,0.0,0.00012790729145479231,0.0,0.00014958968981994186
137.01,0.0315841559251958,0.0,0.00012790729145479231,0.0,0.00014958968981994186
137.18,0.03158415592519578,0.0,0.00012790729145479231,0.0,0.00014958968981994175
137.35,0.011465585208215756,0.0,9.058040497260352e-05,0.0,0.0001495896898199416
137.52,0.02406591787895283,0.0,0.0001315076035818538,0.0,0.00014958968981994175
137.7,0.02406591787895283,0.0,0.0001315076035818538,0.0,0.00014958968981994175
137.87,0.02406591787895277,0.0,0.00013150760358185347,0.0,0.00014958968981994245
138.04,0.02406591787895277,0.0,0.00013150760358185347,0.0,0.00014958968981994245
138.22,0.02406591787895274,0.0,0.000131507603581854,0.0,0.00014958968981994145
138.39,0.02406591787895283,0.0,0.00013150760358185423,0.0,0.00014958968981994175
138.56,0.024065917878952705,0.0,0.0001315076035818546,0.0,0.00014958968981994253
138.74,0.024520647773885133,0.0,0.00013163218299665745,0.0,0.00014958968981994237
138.91,0.03858407117030183,0.0,0.00013983758591507177,0.0,0.00014958968981994237
139.08,0.038584071170301784,0.0,0.0001398375859150718,0.0,0.00014958968981994186
139.26,0.038584071170301784,0.0,0.0001398375859150719,0.0,0.00014958968981994175
139.43,0.038584071170301895,0.0,0.0001398375859150716,0.0,0.00014958968981994186
139.6,0.03858407117030183,0.0,0.00013983758591507177,0.0,0.00014958968981994237
139.78,0.03407033392666809,0.0,0.00014907824701518914,0.0,0.00014958968981994205
139.95,0.034070333926668084,0.0,0.0001490782470151889,0.0,0.00014958968981994175
140.12,0.03407033392666809,0.0,0.00014907824701518887,0.0,0.00014958968981994175
140.3,0.03407033392666809,0.0,0.00014907824701518887,0.0,0.00015748413513796833
140.47,0.034070333926668125,0.0,0.00014907824701518855,0.0,0.0001574841351379682
140.64,0.034070333926668125,0.0,0.00014907824701518855,0.0,0.0001574841351379682
140.82,0.03407033392666804,0.0,0.00014907824701518885,0.0,0.00015748413513796869
140.99,0.034070333926668084,0.0,0.0001490782470151889,0.0,0.00015748413513796833
141.16,0.033780525758431004,0.0,0.00014901743318948094,0.0,0.00015748413513796869
141.34,0.03377343941419887,0.0,0.0001490158988297466,0.0,0.00015748413513796841
141.51,0.033773439414198796,0.0,0.00014901589882974588,0.0,0.00015748413513796869
141.68,0.033773439414198796,0.0,0.00014901589882974588,0.0,0.00015748413513796869
141.85,0.03377343941419882,0.0,0.00014901589882974605,0.0,0.00015748413513796814
142.03,0.0331985285440386,0.0,0.00014894369170118967,0.0,0.00015748413513796833
142.2,0.01852886307120404,0.0,0.00013327129374726812,0.0,0.00015748413513796869
142.37,0.01871972930133791,0.0,0.00013311573149936456,0.0,0.0001574841351379683
142.55,0.018719729301337907,0.0,0.00013311573149936423,0.0,0.00015748413513796833
142.72,0.01871972930133791,0.0,0.00013311573149936407,0.0,0.0001574841351379683
142.89,0.018719729301337907,0.0,0.0001331157314993644,0.0,0.00015748413513796833
143.07,0.018719729301337907,0.0,0.00013311573149936423,0.0,0.00015748413513796833
143.24,0.0187197293013379,0.0,0.00013311573149936483,0.0,0.00015748413513796869
143.41,0.03303470151093628,0.0,0.00013476512549745074,0.0,0.00015748413513796814
143.59,0.03369367498231921,0.0,0.00013484135562037618,0.0,0.0001574841351379682
143.76,0.03369367498231926,0.0,0.00013484135562037635,0.0,0.0001574841351379683
143.93,0.033693674982319254,0.0,0.00013484135562037618,0.0,0.00015748413513796833
144.11,0.033693674982319254,0.0,0.00013484135562037602,0.0,0.00015748413513796833
144.28,0.0336407425618533,0.0,0.00013485777252991433,0.0,0.00015744661422090284
144.45,0.006762008187248975,0.0,0.00014572326035179888,0.0,0.00013917983188378087
144.63,0.006762008187249033,0.0,0.00014572326035179866,0.0,0.0001391798318837805
144.8,0.006762008187249046,0.0,0.0001457232603517986,0.0,0.00013917983188378087
144.97,0.006762008187249047,0.0,0.00014572326035179874,0.0,0.00013917983188378082
145.15,0.007065167718670933,0.0,0.00014588271269596858,0.0,0.00013917983188378082
145.32,0.013188479410672643,0.0,0.00015028143972843993,0.0,0.0001391798318837805
145.49,0.013188479410672629,0.0,0.0001502814397284405,0.0,0.00013917983188378055
145.67,0.013188479410672633,0.0,0.0001502814397284411,0.0,0.00013917983188378038
145.84,0.013188479410672594,0.0,0.00015028143972844042,0.0,0.00013917983188378082
146.01,0.013188479410672629,0.0,0.0001502814397284405,0.0,0.00013917983188378055
146.19,0.013188479410672629,0.0,0.0001502814397284405,0.0,0.00013917983188378028
146.36,0.013188479410672633,0.0,0.00015028143972844004,0.0,0.00013917983188378087
146.53,0.013188479410672643,0.0,0.0001502814397284404,0.0,0.00013917983188378084
146.7,0.013188479410672594,0.0,0.00015028143972844042,0.0,0.00014440871583983752
146.88,0.013188479410672643,0.0,0.00015028143972844026,0.0,0.00014440871583983804
147.05,0.013188479410672643,0.0,0.00015028143972844058,0.0,0.00014440871583983758
147.22,0.013188479410672633,0.0,0.0001502814397284411,0.0,0.00014440871583983796
147.4,0.013188479410672633,0.0,0.00015028143972844042,0.0,0.00014440871583983807
147.57,0.013188479410672633,0.0,0.00015028143972844004,0.0,0.00014440871583983747
147.74,0.013188479410672629,0.0,0.0001502814397284405,0.0,0.00014440871583983782
147.92,0.013029902403779875,0.0,0.00015065127574941009,0.0,0.00014440871583983747
148.09,0.008546791747579345,0.0,0.0001642451888856477,0.0,0.00014440871583983747
148.26,0.008546791747579276,0.0,0.00016424518888564666,0.0,0.00014440871583983752
148.44,0.008546791747579316,0.0,0.00016424518888564715,0.0,0.00014473048047322382
148.61,0.008546791747579302,0.0,0.00016424518888564615,0.0,0.0001550280444163619
148.78,0.0038544128176328588,0.0,0.00016235097069050686,0.0,0.00015502804441636296
148.96,0.004142134961488932,0.0,0.00016239299024454462,0.0,0.00015502804441636212
149.13,0.0041421349614889445,0.0,0.00016239299024454527,0.0,0.00015502804441636296
149.3,0.0041421349614889445,0.0,0.00016239299024454446,0.0,0.0001550280444163619
149.48,0.02774771729782362,0.0,0.00016381510764990677,0.0,0.00015502804441636247
149.65,0.027747717297823687,0.0,0.0001638151076499068,0.0,0.00015502804441636214
149.82,0.027747717297823625,0.0,0.00016381510764990696,0.0,0.0001550280444163619
150.0,0.02774771729782362,0.0,0.00016381510764990677,0.0,0.00015502804441636206
150.17,0.027747717297823705,0.0,0.0001638151076499072,0.0,0.00015502804441636247
150.34,0.027747717297823618,0.0,0.0001638151076499068,0.0,0.00015502804441636212
150.52,0.027747717297823625,0.0,0.00016381510764990696,0.0,0.0001550280444163619
150.69,0.027747717297823618,0.0,0.0001638151076499068,0.0,0.00015502804441636212
150.86,0.02774771729782364,0.0,0.00016381510764990734,0.0,0.00015502804441636214
151.03,0.02774771729782371,0.0,0.00016381510764990675,0.0,0.00016751275423945893
151.21,0.02774771729782362,0.0,0.00016381510764990677,0.0,0.00016825106277127555
151.38,0.0225428917255838,0.0,0.00015973531032693422,0.0,0.00016825106277127555
151.55,0.022467467844373687,0.0,0.00015967653539591972,0.0,0.00016825106277127563
151.73,0.022467467844373673,0.0,0.00015967653539591974,0.0,0.00016825106277127587
151.9,0.022467467844373673,0.0,0.00015967653539591974,0.0,0.0001682510627712753
152.07,0.022467467844373742,0.0,0.00015967653539591996,0.0,0.00016825106277127587
152.25,0.022467467844373756,0.0,0.0001596765353959197,0.0,0.00016825106277127574
152.42,0.022467467844373767,0.0,0.0001596765353959197,0.0,0.00016825106277127574
152.59,0.022467467844373697,0.0,0.0001596765353959197,0.0,0.00016825106277127555
152.77,0.022467467844373624,0.0,0.00015967653539591974,0.0,0.00016825106277127566
152.94,0.022467467844373673,0.0,0.00015967653539591974,0.0,0.0001682510627712753
153.11,0.022467467844373652,0.0,0.00015967653539591972,0.0,0.00016825106277127555
153.29,0.02246746784437367,0.0,0.00015967653539591947,0.0,0.00016825106277127555
153.46,0.022467467844373742,0.0,0.00015967653539591996,0.0,0.00016825106277127587
153.63,0.022467467844373624,0.0,0.0001596765353959197,0.0,0.00016825106277127598
153.81,0.022467467844373673,0.0,0.00015967653539591974,0.0,0.00016825106277127587
153.98,0.022418312369708284,0.0,0.0001597761592860875,0.0,0.00015640453623168063
154.15,0.016201301169713703,0.0,0.00017319559647927958,0.0,0.0001564045362316809
154.33,0.01620130116971367,0.0,0.00017319559647927964,0.0,0.00015640453623168063
154.5,0.016201301169713713,0.0,0.00017319559647927958,0.0,0.00015640453623168087
154.67,0.016201301169713744,0.0,0.00017319559647927964,0.0,0.00015640453623168063
154.85,0.015283229899102035,0.0,0.00017386367196526494,0.0,0.00015640453623168063
155.02,0.0030987737293464612,0.0,0.000185609267995197,0.0,0.00015640453623168066
155.19,0.003098773729346492,0.0,0.00018560926799519656,0.0,0.00015640453623168063
155.36,0.0030987737293465007,0.0,0.00018560926799519642,0.0,0.00015640453623168063
155.54,0.0030987737293465315,0.0,0.00018560926799519666,0.0,0.00017749673710378735
155.71,0.0030987737293465007,0.0,0.000185609267995197,0.0,0.00017749673710378707
155.88,0.0036361224963086312,0.0,0.0001800391387043969,0.0,0.0001774967371037872
156.06,0.003853454862455567,0.0,0.00017974949894515333,0.0,0.00017749673710378737
156.23,0.0038534548624555346,0.0,0.00017974949894515357,0.0,0.00017749673710378675
156.4,0.0038534548624555376,0.0,0.00017974949894515352,0.0,0.00017749673710378707
156.58,0.0038534548624555237,0.0,0.00017974949894515292,0.0,0.00017749673710378707
156.75,0.003853454862455567,0.0,0.00017974949894515333,0.0,0.00020125475478041029
156.92,0.0038534548624555237,0.0,0.00017974949894515292,0.0,0.00020141917864012173
157.1,0.0038534548624555237,0.0,0.00017974949894515292,0.0,0.00020141917864012173
157.27,0.003853454862455516,0.0,0.00017974949894515352,0.0,0.00020141917864012176
157.44,0.0038534548624555237,0.0,0.00017974949894515292,0.0,0.00020141917864012173
157.62,0.003853454862455516,0.0,0.00017974949894515317,0.0,0.00020141917864012197
157.79,0.0038534548624555346,0.0,0.00017974949894515357,0.0,0.00020141917864012173
157.96,0.003853454862455516,0.0,0.00017974949894515306,0.0,0.00020141917864012127
158.14,0.003853454862455516,0.0,0.00017974949894515317,0.0,0.00020141917864012197
158.31,0.003853454862455516,0.0,0.00017974949894515317,0.0,0.00020141917864012173
158.48,0.0038534548624555532,0.0,0.00017974949894515333,0.0,0.0002014191786401223
158.66,0.0038534548624555532,0.0,0.00017974949894515333,0.0,0.0002014191786401223
158.83,0.003853454862455516,0.0,0.00017974949894515317,0.0,0.00020141917864012197
159.0,0.005513144562218684,0.0,0.0001901691863183366,0.0,0.0002014191786401212
159.18,0.005558944213187069,0.0,0.00019045170639088763,0.0,0.00020141917864012186
159.35,0.00555894421318702,0.0,0.0001904517063908873,0.0,0.00020141917864012197
159.52,0.005558944213187069,0.0,0.00019045170639088804,0.0,0.00020141917864012205
159.7,0.005558944213187069,0.0,0.00019045170639088804,0.0,0.00020141917864012205
159.87,0.005558944213187026,0.0,0.00019045170639088793,0.0,0.00020141917864012173
160.04,0.00555894421318702,0.0,0.00019045170639088834,0.0,0.00020141917864012173
160.21,0.005558944213187061,0.0,0.00019045170639088858,0.0,0.0002014191786401223
160.39,0.005558944213187069,0.0,0.0001904517063908875,0.0,0.0002014191786401215
160.56,0.005558944213187104,0.0,0.0001904517063908873,0.0,0.00020141917864012197
160.73,0.005558944213186997,0.0,0.0001904517063908881,0.0,0.00020141917864012157
160.91,0.005558944213187113,0.0,0.0001904517063908876,0.0,0.00020141917864012127
161.08,0.005558944213187064,0.0,0.00019045170639088793,0.0,0.00020141917864012124
161.25,0.005558944213187064,0.0,0.00019045170639088793,0.0,0.00020141917864012124
161.43,0.00555894421318702,0.0,0.00019045170639088834,0.0,0.00020141917864012173
161.6,0.005558944213187009,0.0,0.00019045170639088793,0.0,0.00020141917864012173
161.77,0.005558944213187009,0.0,0.00019045170639088793,0.0,0.00020141917864012173
161.95,0.00555894421318702,0.0,0.00019045170639088834,0.0,0.00020141917864012173
162.12,0.005558944213187069,0.0,0.00019045170639088763,0.0,0.00020141917864012186
162.29,0.0055589442131870215,0.0,0.0001904517063908879,0.0,0.00020141917864012173
162.47,0.005558944213186992,0.0,0.00019045170639088815,0.0,0.00020141917864012173
162.64,0.005558944213186997,0.0,0.0001904517063908881,0.0,0.00020141917864012157
162.81,0.005558944213187009,0.0,0.00019045170639088793,0.0,0.00020141917864012173
162.99,0.005558944213187061,0.0,0.00019045170639088858,0.0,0.0002014191786401223
163.16,0.005558944213187069,0.0,0.0001904517063908875,0.0,0.0002014191786401215
163.33,0.005558944213187069,0.0,0.00019045170639088763,0.0,0.00020141917864012186
163.51,0.005558944213187075,0.0,0.00019045170639088747,0.0,0.00020016833899519416
163.68,0.004728516932303861,0.0,0.00018387991563951055,0.0,0.0001819952745107108
163.85,0.004728516932303861,0.0,0.00018387991563951039,0.0,0.0001819952745107107
164.03,0.004728516932303813,0.0,0.00018387991563951022,0.0,0.00018199527451071107
164.2,0.004728516932303897,0.0,0.00018387991563950998,0.0,0.00018199527451071094
164.37,0.004728516932303861,0.0,0.00018387991563951055,0.0,0.0001819952745107108
164.54,0.005256178389853867,0.0,0.0001846458235495154,0.0,0.0001819952745107105
164.72,0.005287514330035232,0.0,0.00018476128481898074,0.0,0.000181995274510711
164.89,0.0047364443009847825,0.0,0.00018387470653233765,0.0,0.0001819952745107105
165.06,0.004728516932303897,0.0,0.00018387991563950998,0.0,0.00021036614112734773
165.24,0.004728516932303897,0.0,0.00018387991563950998,0.0,0.00021036614112734773
165.41,0.004728516932303897,0.0,0.00018387991563951074,0.0,0.00021036614112734755
165.58,0.0049323119377156655,0.0,0.00018473492812486593,0.0,0.00021036614112734833
165.76,0.004942419965180013,0.0,0.00018483533819851648,0.0,0.0002103661411273477
165.93,0.004942419965179981,0.0,0.00018483533819851688,0.0,0.00021036614112734844
166.1,0.00494241996518,0.0,0.00018483533819851694,0.0,0.00021036614112734833
166.28,0.004739623466939974,0.0,0.00018458792294420102,0.0,0.00021036614112734833
166.45,0.0007662801952267762,0.0,0.000178093440679055,0.0,0.00021036614112734833
166.62,0.0007662801952266893,0.0,0.00017809344067905511,0.0,0.00021036614112734836
166.8,0.004942419965179986,0.0,0.00018483533819851688,0.0,0.00021036614112734833
166.97,0.004942419965180052,0.0,0.00018483533819851685,0.0,0.00021036614112734833
167.14,0.0049424199651800504,0.0,0.00018483533819851732,0.0,0.0002103661411273481
167.32,0.004942419965180013,0.0,0.00018483533819851648,0.0,0.0002103661411273477
167.49,0.00494241996518004,0.0,0.0001848353381985172,0.0,0.00021036614112734798
167.66,0.004942419965179974,0.0,0.00018483533819851648,0.0,0.00021036614112734755
167.84,0.00494241996518004,0.0,0.0001848353381985172,0.0,0.00021036614112734798
168.01,0.004942419965179977,0.0,0.00018483533819851734,0.0,0.00021036614112734792
168.18,0.0049424199651799065,0.0,0.00018483533819851702,0.0,0.00021036614112734806
168.36,0.004942419965179981,0.0,0.00018483533819851688,0.0,0.00021036614112734844
168.53,0.004942419965180013,0.0,0.00018483533819851648,0.0,0.0002103661411273477
168.7,0.004942419965179971,0.0,0.00018483533819851702,0.0,0.00021036614112734863
168.87,0.004942419965179986,0.0,0.00018483533819851688,0.0,0.00023968338447050356
169.05,0.004822960352484741,0.0,0.00018468956766330715,0.0,0.0002396833844705037
169.22,0.0007662801952266633,0.0,0.00017809344067905482,0.0,0.0002396833844705044
169.39,0.0007662801952266429,0.0,0.00017809344067905506,0.0,0.00023968338447050388
169.57,0.0007662801952266338,0.0,0.00017809344067905503,0.0,0.0002396833844705037
169.74,0.0007662801952266727,0.0,0.00017809344067905503,0.0,0.00023968338447050356
169.91,0.0007662801952266727,0.0,0.00017809344067905503,0.0,0.00023968338447050356
170.09,0.0007662801952266429,0.0,0.00017809344067905476,0.0,0.00023968338447050334
170.26,0.0007662801952266853,0.0,0.00017809344067905487,0.0,0.00023968338447050334
170.43,0.0007662801952266853,0.0,0.00017809344067905517,0.0,0.00023968338447050388
170.61,0.0007662801952266853,0.0,0.00017809344067905487,0.0,0.00023968338447050334
170.78,0.0007662801952267534,0.0,0.00017809344067905487,0.0,0.00023968338447050356
170.95,0.0007662801952266338,0.0,0.00017809344067905503,0.0,0.0002396833844705037
171.13,0.0007662801952268041,0.0,0.00017809344067905498,0.0,0.00023968338447050356
171.3,0.0007662801952266631,0.0,0.00017809344067905482,0.0,0.0002396833844705044
171.47,0.0007662801952266429,0.0,0.00017809344067905476,0.0,0.00023968338447050334
171.65,0.0007662801952266976,0.0,0.000178093440679055,0.0,0.00023968338447050388
171.82,0.0007662801952266893,0.0,0.00017809344067905511,0.0,0.00023968338447050372
171.99,0.0007662801952266893,0.0,0.00017809344067905511,0.0,0.00023968338447050372
172.17,0.0007662801952266631,0.0,0.00017809344067905498,0.0,0.00023968338447050394
172.34,0.0007662801952266616,0.0,0.00017809344067905503,0.0,0.0002396833844705037
172.51,0.0007662801952266199,0.0,0.0001780934406790548,0.0,0.00023968338447050413
172.69,0.0007662801952266853,0.0,0.00017809344067905517,0.0,0.00023968338447050388
172.86,0.0007662801952266631,0.0,0.00017809344067905482,0.0,0.0002396833844705044
173.03,0.0007662801952266196,0.0,0.0001780934406790548,0.0,0.00023968338447050413
173.21,0.0007662801952267534,0.0,0.00017809344067905487,0.0,0.00023968338447050356
