0.0,-0.002724344891492475,-0.06177747431148292,-0.0333007012706127,-0.09027246641898892,-0.0475133887947467,-0.0187787854598245,-0.011952401548559175,-0.0173588916150656,-0.0375754734548675,-0.0020451934407894,-0.005090977768382375,-0.0024231477796508,-0.00038847662992165,-0.02214942683652755,-0.00131597177453145,-0.0011025672751716251,-0.005823774583546975,-0.00166723759815145,-0.0260661116397462,-0.001320306012664925,-0.00094303428155005,-0.00025440048619025,-0.000285746734570625,-0.00043942773855015,-0.0066883233108063,-0.000597867901572325,-0.016202650843206375,-0.08314374615025458,-0.00101175391007975,-2.894161761200831e-05,-3.468467223932899e-05,-0.00086537891265565,-0.0016015846227395,-0.001010274077667075,-0.00606412911944745,-0.010795860856502524,-0.00442978112296865,-8.383135068674018e-05,-0.00029902927466307497,-0.008203910625847325,-0.0265900730843842,-0.020183118042340575,-0.01115851063015615,-0.010021673852788151,-0.0013515353655092,-0.00056436591248835,-0.001348463458556975,-0.00081247720653425,-6.19518651869739e-08,-0.000371302740978075,-0.000800156244079525,-0.017310384893351675
50.0,0.0,0.0,0.0,0.0,0.0,0.0,0.0,0.0,0.0,0.0,0.0,0.0,0.0,0.0,0.0,0.0,0.0,0.0,0.0,0.0,0.0,0.0,0.0,0.0,0.0,0.0,0.0,0.0,0.0,0.0,0.0,0.0,0.0,0.0,0.0,0.0,0.0,0.0,0.0,0.0,0.0,0.0,0.0,0.0,0.0,0.0,0.0,0.0,0.0,0.0,0.0,0.0
100.0,0.002724344891492475,0.06177747431148292,0.0333007012706127,0.09027246641898892,0.0475133887947467,0.0187787854598245,0.011952401548559175,0.0173588916150656,0.0375754734548675,0.0020451934407894,0.005090977768382375,0.0024231477796508,0.00038847662992165,0.02214942683652755,0.00131597177453145,0.0011025672751716251,0.005823774583546975,0.00166723759815145,0.0260661116397462,0.001320306012664925,0.00094303428155005,0.00025440048619025,0.000285746734570625,0.00043942773855015,0.0066883233108063,0.000597867901572325,0.016202650843206375,0.08314374615025458,0.00101175391007975,2.894161761200831e-05,3.468467223932899e-05,0.00086537891265565,0.0016015846227395,0.001010274077667075,0.00606412911944745,0.010795860856502524,0.00442978112296865,8.383135068674018e-05,0.00029902927466307497,0.008203910625847325,0.0265900730843842,0.020183118042340575,0.01115851063015615,0.010021673852788151,0.0013515353655092,0.00056436591248835,0.001348463458556975,0.00081247720653425,6.19518651869739e-08,0.000371302740978075,0.000800156244079525,0.017310384893351675
150.0,0.010942225423768425,0.1549846304273298,0.1078270295146224,0.25410893365917653,0.15464757757809083,0.07186619575949538,0.04912768326529372,0.07181080676652297,0.1264795369439961,0.0120681400131519,0.02609249984761965,0.01387267097498965,0.001851647178812775,0.07818601036050828,0.0064901272582405,0.00471609913711115,0.02264185623771675,0.00870132025516805,0.08649735120692782,0.0070690799090177255,0.0053173223707865,0.001625041434491575,0.001864404634334875,0.0027571898825779,0.0314659685376144,0.003601013020945575,0.07063020658694452,0.24387338115970159,0.00603091640558,0.00021983687605987498,0.000289778252693025,0.00558466284240415,0.00889811827169925,0.00605210188900335,0.0274771975008498,0.04788420640139595,0.0222354721396901,0.0006236715023344,0.001948107631126475,0.03353146300688267,0.10573211767346515,0.08512769973081218,0.0505706724966471,0.04372439990415808,0.0060581280169180254,0.002258169263363675,0.0048406630105973,0.004198961956208925,6.803045447337424e-07,0.001805558522385975,0.0038999628605151998,0.06571789957771787
200.0,0.0259297457572213,0.2568111947828714,0.20891555467195452,0.429019889086131,0.2926839053437662,0.1584089685125334,0.11603492487779801,0.16692900367388763,0.2471059390725729,0.03851477902375738,0.07339138451979416,0.04326730889474248,0.005334745070183425,0.16112272262917995,0.018725522532241273,0.012086607802265274,0.05174034686802105,0.02598693687050525,0.1693752457173998,0.021634558245313698,0.016959521923187573,0.0058246915819087,0.006741502932010125,0.00961091195637565,0.08345336362263978,0.011952521653233975,0.17012991475734746,0.42406172100641626,0.019937063692906976,0.0009431378337884,0.001300827276445925,0.0194510347563734,0.0275871182250326,0.02023455915881785,0.07150214890635212,0.11996348144029337,0.0625425022242567,0.0025244187352839,0.0070202298053886995,0.0800653979761046,0.23523132367172375,0.1989904495498759,0.12706389537149207,0.10852648519622941,0.016148747110433074,0.005137646840527125,0.01010142459132285,0.012663068986045,4.010663040896337e-06,0.005159789579305175,0.010977257150062626,0.14117321715771053
250.0,0.04789116502357237,0.35792551904229597,0.3179765277473925,0.5759359383341762,0.4276611541386984,0.26566184414369487,0.20724259256851285,0.2898608713004477,0.3729883136706034,0.08828892293617642,0.1503934590312782,0.09740222096563969,0.012104979869150125,0.2571243593928141,0.041128784125883826,0.0242991701452164,0.09131884311089608,0.05801014222543225,0.26009383090968885,0.04940768840402715,0.0400648059180636,0.0153529944916983,0.017788724361121225,0.024497537255221,0.1643410349786747,0.028890099972907347,0.302012875482886,0.5815815936652696,0.04814213626659565,0.0029666755441603502,0.004153450451061025,0.048546476922800175,0.06293206658383226,0.049482166007178925,0.13978945471670096,0.22386969109332155,0.12982459441562555,0.007360806999858799,0.018405882153616476,0.14619425466397715,0.3899769120604053,0.3437777532289102,0.23559056139952766,0.20176608917983896,0.033471323477207576,0.0088572001035819,0.01629583252463455,0.0289789718104425,1.6777752399738378e-05,0.011361861488377475,0.023530728337778875,0.22893330695060535
300.0,0.0766396489581342,0.4538854165044847,0.42236750822873315,0.6861536434332348,0.5406783690740019,0.37859860216091157,0.3118922559076963,0.4217079167022647,0.48760304570396373,0.16311465585133253,0.251816180291933,0.17731392132110324,0.02377215892507325,0.3549520722144096,0.0759379290519128,0.04234199443754767,0.13826304783338889,0.10732423532061765,0.3494863566731662,0.09335055540453716,0.0778812419711259,0.03307966534083055,0.038176657486070395,0.0508775473155814,0.2680550167802476,0.05685333886113867,0.44453161203733377,0.7033637236952491,0.094662223536766,0.007567271291454725,0.010561182592493074,0.0973510175681235,0.11778356329550985,0.0983745015756799,0.22794470808303874,0.34738286911412397,0.22182763305750286,0.01728985252462395,0.0391356459247292,0.22619880769233425,0.5417863136089016,0.4938439944131861,0.3618976143830593,0.31325148750472226,0.0596000720009777,0.012995504783248575,0.02281551061509115,0.05557798959307013,5.5680921869320344e-05,0.021343992678353775,0.042707925119671024,0.31516621142102974
350.0,0.11179157507310392,0.5419514195700045,0.516126243299742,0.7655428873544314,0.6278885827245624,0.48587908100948224,0.41879336197655215,0.5465357828988336,0.5850972552379381,0.25864370749129095,0.3666776608986761,0.27769125665261984,0.04215997023407307,0.44806351285571544,0.12395489812456585,0.06706590797686438,0.18942578247496833,0.17369993532122924,0.43323541065753024,0.15402103942938103,0.13167129950841777,0.061599191197578625,0.07057381045439448,0.09117033306048092,0.3838706130830868,0.09672539755705048,0.5784120685827502,0.7923424944342223,0.1605790360491237,0.0165124851676702,0.022728756002310526,0.16685916101099615,0.19154759298535237,0.16820303706533923,0.3277015259324487,0.47531988400414765,0.3307185094819725,0.034718185250336875,0.07152060410548458,0.31256260047238993,0.672184060490786,0.628966167098312,0.4901376035406194,0.4303036684786512,0.09566308719104973,0.017259460203998524,0.02948912348438605,0.09398389954084513,0.00015567223787305002,0.035952362715495026,0.06918571614186264,0.3921461009048499
400.0,0.1526737571767553,0.6204560547941324,0.5975018191546563,0.8227028883840863,0.6933133780477563,0.5812413535845681,0.5194862015105017,0.6549031250261932,0.6654913814699736,0.3662949959964851,0.48288241737235715,0.38908370000740744,0.06902158800145237,0.5333201008695007,0.18434487785730377,0.09906296636958913,0.242251172910962,0.25418739953108693,0.5094906842267651,0.22937251999435906,0.2003128341527581,0.10257719099200885,0.11641262944072912,0.1460217129235118,0.5003491698449181,0.14767826651275384,0.6922192257408408,0.8558338515543584,0.2435452473371717,0.031869495766153826,0.042996226456802,0.2540866437311168,0.2803579005895182,0.2562260712764116,0.42998584701018505,0.5947296612657221,0.4460585592191074,0.061810442775238575,0.11647998466012735,0.3981138769064543,0.7742670427834532,0.7389796878187684,0.60803835159825,0.5419643622391093,0.14211066271700515,0.021528054149109473,0.036501818215955925,0.14446777616059017,0.000380642721445725,0.05583197654230775,0.1030713064204849,0.457710040032461
450.0,0.19826189497640492,0.6886835084625674,0.6667584780175116,0.8645515260152309,0.7429314178574838,0.6624597434686537,0.609063368874933,0.7433626447988394,0.7308946744427632,0.47626965051772746,0.5907169223628916,0.5011659214029335,0.10567301334230844,0.6094515252505537,0.2548191661374507,0.13853181718025115,0.2949492396112628,0.343912202105882,0.5774504456796575,0.3152832024790153,0.2805850271968158,0.15629912556389094,0.1754703181376639,0.21408121558319507,0.6082518955216527,0.20753746529892053,0.7821663680235068,0.9006259321264791,0.338402900263866,0.05566327519074815,0.0733536499401511,0.35297156360340287,0.37816635682004907,0.35637771984223865,0.5273012977711068,0.6974586619868731,0.5578669065631722,0.09998935435796069,0.17329151259925452,0.4774549214323721,0.8490555662558165,0.8221994055233228,0.7085963694514849,0.6410502424956703,0.19852633777738404,0.025818885126989675,0.04425427704634717,0.20599133614626575,0.000835065427706775,0.08131938585424942,0.14386727489221734,0.5128106894358382
500.0,0.24725761769042712,0.7467291211487321,0.7249667594957311,0.8957926852835127,0.7818516327706155,0.729757628878313,0.6856198793605365,0.8124413254045095,0.7837518409675582,0.5801415483310886,0.6843080033686535,0.6053979364331474,0.15265511031895052,0.676149498700173,0.3320937050798208,0.18518297334122752,0.346426618125896,0.43720882529841837,0.6368676266655798,0.4065189967165347,0.3679284136026864,0.22154266915642334,0.24586693378711183,0.29229664057603194,0.7018261184068295,0.27340083635922413,0.8495270210664007,0.9319343939227982,0.43851195751507327,0.089466755117917,0.11497075365253508,0.4560575629119621,0.4782062763685485,0.460950788981262,0.6147962288839564,0.7802974511304561,0.6586629337886313,0.14957717498117834,0.2397857952588924,0.5474847158614708,0.9012579933165468,0.8818204600209636,0.7894811128752132,0.7242870950255378,0.26356891656932796,0.03024394920163015,0.053256140263397825,0.27640295115942587,0.001674349144198425,0.11237625380862255,0.19053450767191235,0.5594739331962129
550.0,0.2982542538497395,0.7952782973813519,0.7734659002709263,0.9194929818686618,0.8136086962711105,0.7845429772455321,0.7492469505303058,0.8646746551532206,0.8262883854521166,0.6722333064606635,0.761428798968523,0.6963271649420716,0.20952711235975965,0.7336479349364436,0.4124625538832568,0.2382138409628482,0.3961149106353937,0.5286957395038994,0.6879232701816068,0.49776774490688425,0.45736790122341764,0.29577866894879434,0.3244303949509632,0.3765575459019704,0.7787347707624512,0.34224943852452605,0.8979786445394283,0.9535996222861352,0.5372206982882722,0.13403489791768908,0.16788059295393618,0.5562117518221839,0.5743150528732979,0.5624593831599586,0.6902101587102943,0.8437481146451051,0.744204990979128,0.20967212901068594,0.312842458729153,0.6071805988756367,0.9364061329927582,0.9228409637905293,0.8515574983063887,0.7913832845051129,0.33508202905869794,0.03497936944262065,0.06405750458255383,0.3527931885437472,0.0031113399281271752,0.1485801698135896,0.24164321444783332,0.5997023979453184
600.0,0.34990685641432906,0.8353601128607107,0.8136347829688979,0.9376810870631582,0.8403843392217043,0.8286320293178671,0.8011148246129667,0.9032481317890737,0.8604123351703531,0.749804351466973,0.8224859594202416,0.7716341016902168,0.27485002955264737,0.7825221518556842,0.4923378946271726,0.2963615752338631,0.44378345115165624,0.6140358035534684,0.731152346932215,0.5844641683095535,0.5443276994038544,0.3756109688036545,0.40727877349643393,0.462452244305415,0.8392341132709951,0.41139098575450994,0.9317815282704387,0.9684407689865334,0.6290207321534163,0.189082421597604,0.23090027704659788,0.6478513383493323,0.661805909442869,0.6550308488285052,0.753233253377493,0.8904295622997656,0.8132114470006945,0.27827388883137605,0.3889875942235898,0.6569900851795675,0.9594391872652742,0.9502249719613355,0.8974089836872406,0.8438377791981485,0.41035094231300845,0.040249111847153,0.07719807579798885,0.4319089886881419,0.005416701437432624,0.18917117199196393,0.2955702395265202,0.6350841644454523
650.0,0.4010527639866177,0.868135949566342,0.84678226752957,0.9517462962411547,0.863447324869205,0.8638480854146626,0.8428330477882611,0.9312428366099795,0.8877327314040206,0.812493872765367,0.869377544199599,0.8314319912827857,0.3463590566501074,0.823560100407173,0.5686575006119586,0.35802275543271406,0.4893821133160856,0.6902986778807488,0.7673402579540273,0.6632704292383407,0.6251804201797921,0.457318980014641,0.49044422896205664,0.5459335845846766,0.8851519602108687,0.47869052389355116,0.9548224549911581,0.9785203199953167,0.7101702440855522,0.2532598858584253,0.30179462960485787,0.7274917870996587,0.7378122121882098,0.7350480941593165,0.8047466428130368,0.9237413062078164,0.8665512455163565,0.35260210110991197,0.4649232543233355,0.6981618828586305,0.9742323957807011,0.968102936621041,0.9302258054944392,0.8839417532829172,0.4864445101003164,0.046315402120258274,0.09316050705451245,0.5105460816914615,0.0089117570148071,0.23314010674304975,0.350694083267165,0.6667580176404404
700.0,0.45076910625661054,0.8947523591643668,0.8740883775845444,0.9626735626116345,0.8835292435910358,0.8918443490824753,0.8760761613822011,0.95130348895048,0.9095918597070008,0.8614971575105064,0.904584443601661,0.8773385432021413,0.4212730039761853,0.8576585668583191,0.6391191123177677,0.4214149288651746,0.5329307010383854,0.7559747784285139,0.7974040750587168,0.7322119554981777,0.6974922202824949,0.5373704776769136,0.5703960580320641,0.6237721863374275,0.9190061283351963,0.5426212373276925,0.9702535183582457,0.9853272159870105,0.7787968046943392,0.32432506161289754,0.37762158869392354,0.7937023547992046,0.8011971980071486,0.8011085679597524,0.8461995075351076,0.94700185052371,0.9063292540143546,0.4295126188165287,0.5378933694134579,0.7322135447348536,0.9836007423166896,0.9795916870833811,0.9531142109471746,0.9141205496890155,0.5605640911151014,0.05346938578810965,0.1123260037477034,0.5858674271142152,0.013953586573333124,0.27933929621213155,0.40555092277444216,0.6955036583294858
750.0,0.49837890719438105,0.9162575604206267,0.8965762879267231,0.9711813328205562,0.9010745108531998,0.9140425929613065,0.9023963239099981,0.9655500205656231,0.9270942343012241,0.8987991319101256,0.9305910696197794,0.9116547813839738,0.4966613809132473,0.8857394081702578,0.7022497647655068,0.4847489464289557,0.5744536962221977,0.810756746558179,0.8222867502473695,0.7905526098292427,0.7600111991941914,0.6128103364407781,0.6443829402568931,0.6937653416468864,0.9433939564866066,0.6022008756853692,0.9804554353265067,0.9899148460736182,0.8346287915308219,0.39945721181368726,0.4551615803983234,0.846689307675404,0.8521975661567311,0.8535519757736526,0.8791959200072273,0.9630242138293368,0.9351231885757507,0.5059119203797718,0.6058639981506508,0.7605980989864992,0.9894850883205395,0.9869007476941075,0.968748862842069,0.9365826049510104,0.6303308238719849,0.06201849550668862,0.13493685430668304,0.6556207417455439,0.020913464341883077,0.32659574128096436,0.45893391773434034,0.721847319000725
800.0,0.5434258132414274,0.9335658688542517,0.9151071218929769,0.9778059806641872,0.9163847330053011,0.9316266075078943,0.9231470753631081,0.9756083090377861,0.9411346340712915,0.9266092224294171,0.9495885116822342,0.9367877057919165,0.5697895427179893,0.9086891051785199,0.757348033845145,0.5463831841534038,0.6139506869469717,0.855212869103845,0.8428801957075295,0.8385222336946007,0.8124861862328628,0.6814824439640035,0.710578082210316,0.754735823418759,0.9606477960835791,0.656877942394545,0.9871419625166421,0.9930123391998095,0.8785432502434547,0.47563502806253755,0.5313314296117427,0.8877376505194103,0.8919677852732889,0.893832012347304,0.9052649573627569,0.9739930144571541,0.9554670735057254,0.5790928629948674,0.6675462267838537,0.7845460595939877,0.9931731921024127,0.9915296347797873,0.97925741711773,0.9531800864680307,0.6939690265024749,0.07226963495227175,0.16107163407597078,0.7182481737346058,0.030150828780391402,0.37381054546201736,0.5099353441324489,0.7461460539486489
850.0,0.5856353534487939,0.9474519324269399,0.930390562951749,0.9829560448901209,0.9296937402742725,0.9455601102973366,0.9394659510624521,0.9826875119727285,0.9524273286250543,0.9470156533356889,0.963369135064717,0.9549196538084775,0.6383827969887352,0.9273216193522889,0.8043481169895166,0.6049391119733322,0.6513906632912297,0.8904505802150274,0.8599796726152158,0.8769982343459504,0.8554057450273895,0.7420886020943158,0.7680575123868818,0.8063877442079366,0.9726910844876047,0.7064135438449468,0.9915042993342134,0.9951145749767305,0.9120883669346719,0.5499978281605766,0.6035081567988606,0.9186817258939884,0.9221477068190795,0.923933416282463,0.9257566358365366,0.9815067549266053,0.9695699881151945,0.6469503490223083,0.7223127196142392,0.8050261719714733,0.9954944546488353,0.9944637035999954,0.9862387353745048,0.9653903101976327,0.750374654357465,0.0845091314255972,0.19063667049331015,0.7728966197257865,0.04198568993659805,0.4200337499556152,0.5579423524504672,0.7686461998230594
900.0,0.6248746287582188,0.958560466510671,0.9430042826453525,0.9869481174861428,0.9412030564041252,0.9566146890041312,0.9522854707284428,0.9876667197161271,0.961535957043624,0.9618160698977004,0.9733292616834733,0.9678661665249045,0.7007803679097354,0.9423604907842846,0.8436513870271967,0.6593687262484914,0.6867196867486411,0.9178299845878314,0.8742641670718931,0.9072119418689166,0.88972821709901,0.794119353628627,0.8166652182701566,0.8490910438051441,0.9810199587949057,0.7507833038954945,0.9943484966425005,0.9965524247991822,0.9370800663955481,0.6201286323483918,0.6697249267779917,0.9414954109120789,0.9445207952113541,0.9459357448746701,0.9418112063462604,0.98668709321331,0.979210847376293,0.7080704074380229,0.7700600939773412,0.8227695966124011,0.9969707519872069,0.99633474977231,0.9908433240068806,0.974353970167958,0.7990836226661224,0.09898149047216748,0.22337417070385068,0.8193485088003041,0.056672600225774826,0.4645098318106098,0.6026018624273755,0.7895216740002267
950.0,0.6611164973510408,0.9674223016484234,0.9534163510874996,0.9900309187391201,0.951097046875416,0.9654006283546182,0.9623563577296157,0.9911741672081282,0.9689022277528074,0.9724659572641092,0.9805213011867999,0.9770528532680586,0.7559789561885746,0.9544343987997567,0.8759599587399288,0.7089747276525276,0.7198741195035078,0.9387525849380256,0.8862948938389327,0.9305167735416627,0.9166472915781758,0.8377049265605733,0.856822014581168,0.8836529728691669,0.9867496706261147,0.7901066250560664,0.9962086496459843,0.9975450529156232,0.9553145687115241,0.6842267670925705,0.7287369623156146,0.958026338503401,0.9607837255252504,0.9617443189914257,0.9543655223056335,0.9902984064069528,0.9857422610410824,0.761711967163433,0.8110584037397459,0.8383179325426083,0.9979247182182134,0.9975405149622215,0.9938714329243025,0.9809327887030073,0.8401700553525678,0.11586942648290498,0.2588846145669128,0.8578995991251498,0.07437904679470164,0.5066945195057917,0.6437698191804142,0.8088987990123115
1000.0,0.6944102711750185,0.9744716925769932,0.9620066951332682,0.9924016226958452,0.9595485629794879,0.9723967793362831,0.9702747727237593,0.993653033990824,0.9748716716918838,0.9800939800688773,0.9857206351594584,0.9835543258978839,0.8035863623935704,0.9640807795984002,0.902133516086556,0.7533917807880242,0.7507943829216618,0.954525966124528,0.8965245870194096,0.9482284131767754,0.9374134344936297,0.8734331133736896,0.8893251253117715,0.9111148607942858,0.9906853530355344,0.8246002768840885,0.9974329982241062,0.9982371502728676,0.9683971667022399,0.7411665843619311,0.7799807416296469,0.969857543417799,0.9724179202353473,0.9729619239731364,0.9641752223760087,0.9928516585378488,0.9901489167676303,0.8077140946230756,0.8458142210871409,0.8520725176668646,0.9985534856616503,0.9983283086819905,0.9958650455850449,0.9857678819495886,0.8741086567334994,0.13527755329453092,0.296659241690015,0.8892119177442014,0.09517046033331975,0.5462475222956458,0.6814569055338832,0.8268726756012349
1050.0,0.7248587526917369,0.9800625035394434,0.9690855468302229,0.9942171583705072,0.9667205368173503,0.9779773675352755,0.9765093768115369,0.9954130663236875,0.979715383565209,0.9855482144623855,0.9894897641206161,0.9881570972269843,0.843715843703655,0.9717534783817072,0.9230788832025851,0.7925409595417261,0.7794364959048449,0.9662918390070991,0.9053119807004797,0.9615303658653176,0.9532139287486181,0.9021706486449528,0.9151699708792416,0.9325931237845377,0.9933942307747725,0.8545491040514728,0.9982460300624637,0.9987244557345719,0.9776650251332148,0.7904606922167473,0.8234623348344763,0.9782624677748522,0.9806392577745771,0.9808580147935682,0.9718417211159875,0.9946847912408083,0.9931239500617788,0.8463638738186561,0.8749602934635647,0.8643351948961608,0.9989768991550673,0.9988509681405233,0.9971837951395977,0.9893310584586171,0.9016311498329832,0.15722161820294522,0.33611780474894765,0.9141667732446204,0.1190031252719887,0.5830079362665035,0.7157787202478286,0.8435182971158064
1100.0,0.7526005916211526,0.9844823686267352,0.9749082419905746,0.9956023270045468,0.9727660230220878,0.9824347555814514,0.981426090685053,0.9966695054429491,0.9836474699702561,0.989451223816015,0.9922326522245968,0.9914247789914316,0.8768527131672776,0.9778319186178719,0.9396733014012598,0.8265699471118447,0.8057802475776258,0.9750001641483619,0.9129377661728384,0.9714304184086013,0.9651039445469123,0.9249111705930128,0.9354102532484162,0.9491687619208644,0.9952685691361784,0.8802865585666116,0.9987915240949863,0.999070744948079,0.9841746638548393,0.8321578284263677,0.859611832594565,0.984217840012879,0.9863993342736459,0.986394150913061,0.9778388696072202,0.9960207055051629,0.9951427625204665,0.8782549216527248,0.8991748617638956,0.8753383055887195,0.9992680102214891,0.9992030146710806,0.998062812260644,0.991966839201686,0.9235980090909655,0.18162439783937356,0.37664702007552586,0.9337362088580214,0.14572528749631014,0.6169596006166101,0.7469146396559453,0.8588982838186738
1150.0,0.777796830054963,0.9879646588809265,0.9796865842625292,0.9966559282947061,0.9778277352711162,0.9859979544200245,0.9853095512027383,0.9975715720579069,0.9868385104092903,0.9922522897762803,0.9942377103731264,0.9937553819796772,0.9037192385789024,0.9826304443721757,0.9527173134380602,0.8557897398899565,0.8298338455024709,0.9814127843873991,0.9196198560165022,0.9787520369340036,0.9739766674599342,0.9426602627904066,0.9510603047943387,0.9618204673801249,0.9965759445126747,0.9021796902933267,0.9991614452510118,0.9993189154830743,0.9887270681798176,0.8667077419663951,0.8891343318773597,0.9884456654524787,0.990415303074035,0.9902745692027963,0.9825371275702777,0.9970071440218091,0.9965251121780223,0.904157704456537,0.919127810387516,0.8852652275858234,0.9994718384278891,0.999443358989349,0.99865439774602,0.993925484242702,0.9408970817855297,0.20831850706264013,0.4176360033062277,0.9488833508369723,0.1750858416839904,0.6481929387238077,0.7750766849450449,0.8730683194007468
1200.0,0.8006206906296903,0.9906984081660816,0.9835973788047344,0.9974556201694689,0.9820374973272306,0.9888471853269876,0.9883809615300263,0.998222812362653,0.9894256575721284,0.9942717606222584,0.9957103584246332,0.995427368939451,0.925155574215024,0.9864072273810629,0.962910931692526,0.8806156515804566,0.851635406127873,0.9861232628934998,0.9255268735127916,0.9841467620194138,0.9805600971772069,0.9563585574906676,0.9630358375044443,0.9713921657367665,0.9974971719687844,0.9206156221925802,0.999414841003976,0.9994981428936227,0.9919098337106205,0.8948208538043633,0.9128780805874325,0.9914646514891561,0.9932114680834297,0.993002203527019,0.986224486273801,0.9977432185246715,0.9974831356410238,0.9249135569814718,0.9354481717375673,0.8942638764702536,0.9996166589533474,0.9996092414550399,0.9990568058119413,0.9953882488421673,0.9543725085045471,0.23705555459032424,0.4585061168886371,0.9604947390410128,0.20674925713244055,0.6768683468089797,0.8004878482124079,0.8860809314450415
1250.0,0.8212499003025663,0.9928364646549885,0.9867888212223551,0.9980619206739286,0.9855157861103583,0.991125065230063,0.9908124686056977,0.9986953519084107,0.9915200988273457,0.9957362717019523,0.9967969844840722,0.9966346373497714,0.942026015252536,0.9893725088101948,0.9708464697044294,0.9015172819672478,0.8712518821777347,0.9895835248447936,0.9307894731721051,0.9881170653163541,0.9854298781292701,0.9668380153637286,0.9721253274549493,0.978584914254364,0.9981537932087207,0.935988505474676,0.9995899447933304,0.999628491679306,0.9941428842295281,0.9173423630500739,0.9317304757288984,0.9936395960393759,0.9951619607598623,0.9949297245288161,0.9891240202973274,0.9982966324681212,0.9981564177930021,0.9413565828881065,0.9487070626905041,0.90245548107754,0.9997206826954634,0.9997246536451737,0.9993334921760544,0.9964863116212923,0.9647816917060414,0.2675204292519791,0.49873382293264823,0.9693421683719077,0.24031493507591342,0.703184468693505,0.8233683474796785,0.8979880242247307
1300.0,0.8398610315119124,0.994502154639751,0.9893853480270572,0.9985215671747523,0.9883714559954818,0.9929450748638602,0.9927384548465505,0.9990397338272755,0.9932125516465056,0.9968054856411034,0.9976022158775633,0.9975120897312233,0.9551529839976275,0.991696100654657,0.977012198698892,0.9189794198957537,0.888776081080396,0.9921313890021336,0.9355094913822133,0.9910425814946793,0.9890300925278287,0.9748038282436623,0.9789832752540276,0.9839641574841673,0.9986274092388363,0.9486871687123543,0.9997118113514872,0.9997239031905445,0.9957202859371282,0.9351517296207621,0.9465446419144803,0.9952233351144911,0.9965287817545851,0.9963014216732471,0.9914082485888003,0.9987146757454644,0.998636550649373,0.9542622513924968,0.959410889106981,0.9099404038491025,0.999795973507515,0.9998053821850563,0.9995256722544036,0.9973147364041015,0.9727749934394787,0.2993490873834606,0.5378661576367237,0.9760682928050187,0.27533899856056887,0.7273530758030771,0.8439279409527983,0.9088424486949956
1350.0,0.8566254657891936,0.9957947243204067,0.991491417237998,0.9988703436116425,0.9907016934301572,0.9943979360244262,0.9942642440259387,0.9992916404659672,0.9945773470229389,0.9975917558009748,0.9982011896316547,0.9981538216550806,0.9652765033316199,0.9935141192928577,0.9818022180193684,0.9334738757190248,0.9043224028479255,0.9940157426036385,0.939767126718468,0.9932054846448192,0.9916965106008644,0.9808340202465428,0.984137366683063,0.9879752761116333,0.9989729653751394,0.9590841784741106,0.9997970903765991,0.9997941533490597,0.9968449292528704,0.9490910222171656,0.9580940224866106,0.9963896976500616,0.9974929180678296,0.9972853495126885,0.9932106358442023,0.9990311739088286,0.9989837950075039,0.9643184777421049,0.9680008702812245,0.9168021980453538,0.9998507453194316,0.9998620302900865,0.9996603695256376,0.9979426390676018,0.9788918607743333,0.33214805318706353,0.5755292308539304,0.9811890630942919,0.3113565726184138,0.7495809662876337,0.8623624918774808,0.9186988262671111
1400.0,0.8717066588337107,0.9967937887963798,0.9931945502006831,0.9991354390766889,0.9925922209738091,0.995556428879846,0.9954727350250718,0.9994764620845018,0.9956755201512355,0.9981742570029671,0.9986481866461634,0.9986258110054094,0.9730344188631034,0.9949349368390734,0.985529201870624,0.9454410170251615,0.9180218606337704,0.9954179299580483,0.9436264337847793,0.9948128544932502,0.9936789413782129,0.9853898036452051,0.9880031770961353,0.9909624326024866,0.999227715933191,0.9675270223787495,0.9998570049199085,0.9998461532177366,0.9976554621777931,0.9599203679433264,0.9670496555687539,0.9972580044146114,0.9981783154752697,0.9979968833633232,0.9946346351698241,0.9992708701630273,0.9992381143550224,0.9721138125262831,0.9748561484029542,0.9231106311545235,0.9998907241776285,0.9999018461387867,0.9997555154146236,0.998420515644076,0.9835674696426151,0.36551391558926416,0.6114306796020352,0.9851064226913144,0.34790286366737744,0.7700583838532555,0.8788532446654722,0.9276138019407996
1450.0,0.8852584330411027,0.99756297782941,0.9945678537143398,0.99933738529728,0.9941177421054151,0.996479066046415,0.9964294301978871,0.9996124021933661,0.9965572065464905,0.9986089770437546,0.9989826754357292,0.9989746553571296,0.9789578347247602,0.996044348453653,0.9884377974966402,0.9552791967176703,0.9300168637428938,0.9964690377437604,0.947139433209294,0.9960152354971475,0.9951609292104915,0.9888313122834704,0.9909018682605748,0.9931875256294381,0.9994171892663359,0.974331847137738,0.9998992192024411,0.9998848251552318,0.9982462227528047,0.9682957675608548,0.9739739932069409,0.9979105436047268,0.9986695379164455,0.9985154129377369,0.995760690211276,0.9994522072773805,0.999426350936937,0.9781374512658249,0.9802987370775531,0.9289240859566805,0.999919974491572,0.9999298511301159,0.9998231652779954,0.9987854844816592,0.9871450804831496,0.39905135442639234,0.6453572856722205,0.9881259129720462,0.38453172454242224,0.7889529204823059,0.8935676185407113,0.935645874774386
1500.0,0.897424059879327,0.9981529309187849,0.9956721608426893,0.999491619236085,0.9953425947667548,0.9972129330110919,0.9971862493184054,0.9997125984489673,0.9972635463349359,0.9989357064754059,0.9992335381625443,0.9992335414906278,0.9834765463021953,0.996909973960391,0.9907173249980329,0.9633401380739781,0.9404561503848867,0.9972633619071521,0.9503491244350281,0.9969213888316962,0.9962761233280326,0.9914349699990819,0.993077945582975,0.9948474625173449,0.999559116728567,0.9797798293168531,0.9999290238822807,0.99991370031876,0.9986814575343044,0.9747634508698646,0.9793255488401094,0.9984046504916124,0.9990243345152033,0.9988958904619508,0.9966515951301552,0.9995891243968159,0.9995668341561497,0.9827865480061709,0.9845992683074052,0.9342915549012638,0.99994141704638,0.99994955508686,0.9998715296548089,0.9990650183428923,0.9898906145981431,0.4323885895914986,0.6771690489100267,0.9904753704869695,0.4208308261538112,0.8064076403088829,0.906660667434897,0.9428549325551062
1550.0,0.9083359286435085,0.9986037624664766,0.9965578755760945,0.9996097196740725,0.9963215657150875,0.9977959164628664,0.9977844380701602,0.999786583881393,0.9978282306495119,0.9991828989517858,0.9994220340079173,0.9994263120514153,0.9869301581909665,0.9975849363429989,0.9925130645702251,0.9699285010027994,0.9494901612740633,0.9978686087024718,0.9532916550794803,0.9976096432764694,0.9971213077423148,0.993410168678704,0.994715417233109,0.9960889373149394,0.999666004709131,0.9841159495468733,0.9999501010616401,0.9999353300888554,0.9990051787968272,0.9797651495415484,0.9834697091145793,0.9987808635774462,0.9992823467406076,0.9991766855932266,0.9973565672114336,0.9996922502650489,0.9996723184443598,0.9863773511055417,0.9879829492446024,0.939254334076094,0.9999571665268977,0.9999634234882973,0.9999062669703477,0.9992795964735747,0.9920071813606606,0.465189553075263,0.7067909433535061,0.9923223477397353,0.456432988244849,0.8225421582793326,0.9182766532325897,0.9493015992955187
1600.0,0.918115632302619,0.9989470921128039,0.9972665739649298,0.9997003682381082,0.9971008105225302,0.9982584758235526,0.9982568051218788,0.9998413049315735,0.9982787777102606,0.9993710432493689,0.9995638898755796,0.9995702405068165,0.989581673078511,0.998110881571198,0.9939358467268691,0.9753041533648571,0.957267050370055,0.9983334515326994,0.9559978610508244,0.9981364091014187,0.9977664308343573,0.9949140172738202,0.9959516002834798,0.9970205250451608,0.999746815533654,0.987549738802609,0.9999650278554851,0.999951571405771,0.9992478503865633,0.9836495832703045,0.9866922750583135,0.9990683436241828,0.9994710213770973,0.9993848718669951,0.9979143314274093,0.9997697245021032,0.9997518529131302,0.989157706091461,0.9906354038155096,0.9438474681260054,0.9999687599272278,0.999973191572901,0.9999313165260966,0.9994445912166274,0.9936482668643649,0.4971624793282972,0.734203426478641,0.9937890518671019,0.4910236047134915,0.837455543734568,0.9285504173818815,0.9550464869978372
1650.0,0.926874334559159,0.9992077154135788,0.99783239576682,0.9997700841621154,0.9977188246107379,0.9986250663657195,0.9986294600037104,0.9998818391935479,0.9986375965359504,0.9995150043268629,0.9996707879293245,0.9996779355529815,0.9916313795533912,0.9985204191632026,0.9950699301722725,0.9796860097962758,0.9639294410793255,0.9986930291728998,0.9584943511429819,0.9985424346167712,0.9982621209510278,0.9960636750399638,0.9968883999478848,0.997722257029472,0.9998080695941918,0.9902574760394831,0.9999756144282193,0.999963785738403,0.9994308508311718,0.9866866365654229,0.98921343685147,0.9992884431632293,0.9996095708251547,0.9995397672975492,0.9983554585621928,0.9998277851768724,0.9998119763178769,0.9913193480368161,0.9927082171074785,0.9481009736157062,0.9999773161031665,0.999980080496893,0.9999494437088636,0.9995716153273757,0.9949289988397321,0.5280649528429754,0.7594325680888924,0.9949644131637155,0.5243444050680062,0.8512301271682906,0.9376084113984968,0.9601494262517748
1700.0,0.9347133131452108,0.999404975054392,0.9982832507586664,0.9998237782363879,0.9982074169726062,0.998915290500515,0.9989231763853638,0.999911907048965,0.9989228780128582,0.9996256531411813,0.9997514341798182,0.9997586598872987,0.9932297295664704,0.9988390693277791,0.9959793041842574,0.9832566170942806,0.9696119601517049,0.9989728883666293,0.9608042718894043,0.998857328580848,0.9986451970499428,0.9969462505944297,0.9976012206790799,0.9982530114681838,0.9998545742509422,0.9923853196008103,0.999983134839512,0.9999729784817123,0.9995694224379885,0.989081851213641,0.9912008101369006,0.9994570562175972,0.9997116053817088,0.999655307103799,0.9987041450328136,0.9998712043474745,0.9998574890062231,0.993009083513822,0.9943240752699745,0.9520408603577617,0.9999836497944877,0.9999849485498921,0.999962602863667,0.9996694903034061,0.9959353583183863,0.5577057187120898,0.7825404501402708,0.9959133973087705,0.5561940104603806,0.8639355179395923,0.9455693656105661,0.9646687336276493
1750.0,0.9417246013411193,0.999553881691606,0.9986418589561414,0.9998651657656792,0.9985926477985976,0.9991448327681027,0.9991544704507537,0.9999342397023734,0.9991493420920134,0.9997110059143096,0.9998123334545367,0.9998192536800654,0.9944885412108266,0.9990868012611027,0.9967126246522549,0.9861669303858719,0.9744395209350163,0.9991917784964189,0.9629478549546178,0.9991027865486134,0.9989426394859912,0.9976265032438623,0.9981458273100616,0.9986561061006196,0.999889912637173,0.9940529192167973,0.9999884868030453,0.9999798971016994,0.9996746116196117,0.9909898171696386,0.9927808396269907,0.9995861772040442,0.9997868804172134,0.9997416428411529,0.9989795768446486,0.9999036199226148,0.9998919601169294,0.9943384432514073,0.9955814356605555,0.9556899692240265,0.9999883542458459,0.9999883979515474,0.9999721826857957,0.9997449481566755,0.9967314698857075,0.5859437428791171,0.8036162862946117,0.9966839319111421,0.5864258712095674,0.8756323588351755,0.9525446469358216,0.9686605578826897
1800.0,0.9479916720149373,0.9996660252362666,0.9989266416813037,0.9998970719150488,0.9988957019509479,0.9993262201838679,0.9993364593118409,0.9999508456864359,0.9993288632898837,0.9997770242562036,0.999858356194874,0.9998647890468871,0.9954903025716514,0.999279240310935,0.9973070140330385,0.9885409296462829,0.9785262842116877,0.9993636155827943,0.9649428212015465,0.999294869951516,0.9991744131504218,0.9981526922460884,0.9985635236737349,0.9989634661415914,0.9999167775236083,0.9953571505949136,0.999992303262756,0.9999851006463131,0.9997545479497856,0.9925257594995067,0.9940483305477162,0.9996849519818047,0.9998424616291897,0.9998062311099387,0.9991969833347442,0.9999277930700787,0.9999180683177835,0.9953917012458823,0.9965586904744781,0.9590686461706672,0.9999918614713674,0.9999908505718251,0.9999791744606712,0.9998031449113637,0.9973652272977018,0.6126851067611825,0.8227685347113961,0.9973119076571834,0.6149442229716361,0.8863755315105724,0.958638391110952,0.9721783322804864
1850.0,0.9535901261140644,0.9997503110823901,0.9991524793068891,0.9999216563908808,0.9991336805260213,0.9994694402696891,0.9994795471796721,0.9999632046811161,0.999470992551523,0.9998281799117565,0.9998931558171358,0.9998990392910744,0.9962956245584174,0.9994286116689538,0.9977909464451213,0.9904798755156047,0.9819751981175533,0.9994988549456527,0.966804692989861,0.999445605479242,0.9993554560035787,0.9985609389317932,0.998885002447804,0.9991986948135314,0.9999372042441395,0.9963757165948222,0.9999950307387067,0.9999890093380451,0.9998152943441848,0.9937751017531761,0.9950741455967071,0.9997604030444096,0.99988351031849,0.9998545848057554,0.9993684580786647,0.9999458096359987,0.9999378366394324,0.996232342937611,0.9973178106568932,0.9621952733985062,0.9999944862827689,0.999992601612256,0.9999842886737206,0.9998480401518296,0.9978725494382537,0.6378783471792314,0.8401181361363499,0.9978247043160954,0.6416986863673054,0.8962166769249433,0.9639475029936464,0.9752723473812325
1900.0,0.9585883609320689,0.9998135507638342,0.9993313508038284,0.9999405785287686,0.9993203016339889,0.9995824425857293,0.9995919750748052,0.9999724088174702,0.9995833907686358,0.9998678554441508,0.9999194775561496,0.9999248187974937,0.9969490380657584,0.9995444770827396,0.9981864144482235,0.9920661062276926,0.9848780066053371,0.9996054486194133,0.9685470489271273,0.9995641041139778,0.9994970727237341,0.998878436844674,0.9991331756100682,0.9993793167877101,0.9999527368038055,0.9971704521334743,0.9999969844767013,0.9999919402668855,0.999861420389085,0.9948010785027726,0.9959112535099937,0.9998179437390351,0.9999138204994484,0.999890799524177,0.9995036033437223,0.9999592380241314,0.9999527986225218,0.9969081612758819,0.9979074777980942,0.9650866789090367,0.9999964584109118,0.9999938575644234,0.999988036495833,0.9998826803384986,0.9982805504726234,0.6615088229437875,0.8557929026481967,0.9982436320633818,0.6666780776134362,0.9052060059300178,0.968561609678414,0.9779894478996554
1950.0,0.9630482032890938,0.9998609323506062,0.9994728695408349,0.9999551188269373,0.9994665085527301,0.9996715447875347,0.9996802615056619,0.9999792658219601,0.9996721871902017,0.999898630095863,0.9999393877585412,0.9999442312860182,0.9974833931649337,0.9996343102616756,0.9985105432188142,0.9933663446354182,0.9873156155533447,0.9996895143801282,0.9701817425794397,0.9996573448083261,0.9996079110901037,0.9991257936532139,0.9993252400373273,0.9995184085987374,0.9999645487862349,0.9977902461673251,0.9999983872910335,0.9999941333341118,0.9998963966090018,0.9956506221897665,0.9965993778599629,0.9998617532180447,0.9999361927299948,0.9999179282062286,0.9996100392724202,0.9999692525606984,0.999964118750242,0.9974551959724296,0.9983657295148304,0.9677584450744094,0.9999979458751485,0.9999947629474703,0.9999907870610788,0.9999094121964403,0.9986098730696498,0.6835926212900909,0.8699230077302835,0.9985856016379192,0.689903912641082,0.9133934504913934,0.9725630329869842,0.9803728488497404
2000.0,0.9670254997204873,0.9998963922843757,0.9995847289748778,0.9999662688617084,0.999580988513284,0.9997417605256613,0.9997495555663446,0.9999843743556185,0.9997422742849094,0.9999224850057338,0.9999544444646071,0.9999588522732382,0.9979231272161552,0.9997039470410967,0.998776786580502,0.9944345256883095,0.9893587135802178,0.9997558061190839,0.9717190977604858,0.9997307261312313,0.9996946491651224,0.9993187322100849,0.9994741788442981,0.9996257803913925,0.9999735328976532,0.9982735509150288,0.9999993969078986,0.9999957703067519,0.9999228718580127,0.9963588083475124,0.997168504589101,0.9998950567821558,0.9999526989981002,0.9999382516253412,0.9996938081445625,0.9999767293064776,0.9999726815250386,0.9979007314891564,0.9987221574922459,0.9702251353936909,0.9999990719325168,0.9999954190623701,0.9999928079041501,0.9999300446722099,0.998876390483025,0.704170426930908,0.8826374808713893,0.9988642614273098,0.7114239891720986,0.9208292511635705,0.9760268263756191,0.9824620601932552
2050.0,0.9705706605277256,0.9999229071482179,0.9996730708970802,0.9999747983086233,0.9996706087248124,0.9997970635182976,0.9998039194998272,0.9999881790783368,0.9997975491500287,0.999940951609914,0.999965824478595,0.9999698637797112,0.9982866482171658,0.9997579383270718,0.9989958108105826,0.9953141783196767,0.9910685577215528,0.9998080480282514,0.9731680871349757,0.9997884582372414,0.9997624835265513,0.9994693257841447,0.9995898515893986,0.9997088322687689,0.9999803681701205,0.9986504870966749,1.0000001251965707,0.9999969889555445,0.9999428731544252,0.9969521457166036,0.9976414876704224,0.9999203396923776,0.9999648735162543,0.999953476040071,0.999759696387113,0.9999823199071215,0.9999791583616248,0.998265549919477,0.9989997062913396,0.9725004566263334,0.9999999273378865,0.999995897094696,0.9999942936096888,0.9999459726116963,0.9990924408875242,0.7233016776219359,0.8940615841282634,0.9990907745896223,0.7313063319716,0.9275640977809478,0.9790209005782005,0.984292905400554
2100.0,0.9737291576685623,0.9999427209927447,0.9997427877890477,0.9999813053573139,0.9997407781489206,0.9998405996593364,0.9998465544211492,0.9999910109352427,0.9998411102399579,0.9999552198865135,0.9999744181264503,0.9999781540900423,0.9985880452289988,0.9997998273963002,0.9991761477234652,0.996040407543577,0.9924978496584572,0.9998491754811547,0.9745364972296245,0.9998338450834576,0.9998154809540121,0.9995868981418278,0.9996797874335359,0.9997731760471291,0.9999855708622708,0.9989445774182485,1.0000006516846598,0.9999978936429537,0.999957952852349,0.9974509702870692,0.9980359597903041,0.9999395125075792,0.9999738520144326,0.9999648789697346,0.9998114915387835,0.9999865080557783,0.9999840583354597,0.9985656068699122,0.9992161252988303,0.9745973712361645,1.0000005791967532,0.9999962472391767,0.9999953861768494,0.9999582716399205,0.9992677198743602,0.7410592334355385,0.9043149385337321,0.999274357614696,0.7496336943144946,0.9336489441366304,0.9816062448559877,0.9858976174129083
2150.0,0.9765419783978367,0.9999575212709023,0.9997977696529495,0.9999862550110319,0.9997957443242776,0.9998748569592348,0.9998799802740367,0.9999931166792385,0.9998754169837378,0.9999662181069274,0.9999809000023661,0.9999843917963666,0.9988382992846584,0.9998323681091622,0.9993246785614203,0.9966415269040998,0.9936916441077926,0.9998815117141939,0.9758310808877431,0.9998694909326764,0.9998568360726725,0.9996786837878462,0.9997497646912976,0.9998230884049195,0.9999895332254688,0.9991741524680329,1.0000010330533968,0.9999985633151147,0.9999692990597527,0.9978711622586005,0.9983657186364533,0.9999540399807472,0.9999804744477603,0.9999734174121315,0.9998521874442128,0.9999896523193188,0.9999877669089889,0.9988132684583453,0.9993851264672975,0.9765281727546149,1.0000010773539256,0.9999965050393854,0.9999961895451255,0.9999677711775253,0.9994099258966438,0.7575246997137272,0.9135102700217957,0.999422662854303,0.7664987287661074,0.9391346093275033,0.9838372376828679,0.9873049950957968
2200.0,0.9790460376621172,0.9999685741580755,0.9998411044615069,0.9999900084644829,0.9998388345428053,0.9999018013817684,0.9999061790005337,0.9999946805558528,0.9999024187677679,0.9999746722593399,0.9999857818729315,0.99998908085346,0.9990461314554033,0.9998576967668267,0.9994469944373229,0.9971403911534499,0.99468824588775,0.9999068998971619,0.9770576972072321,0.9998974541529239,0.9998890635933941,0.9997503166760333,0.9998042369662246,0.9998618429054031,0.9999925531054562,0.9993534770864557,1.0000013098109082,0.9999990575709997,0.9999778196596938,0.9982253626639173,0.9986417245921888,0.9999650418962619,0.9999853612124985,0.9999798085136042,0.9998841480689653,0.9999920183824544,0.9999905755562084,0.9990182193710878,0.9995172977390809,0.9783045344310071,1.0000014590071769,0.9999966957874623,0.9999967799955162,0.9999751107398065,0.999525228711842,0.7727844701925082,0.9217526536051005,0.9995420595808109,0.7819998751903875,0.9440712631610746,0.985762032198229,0.9885406040065692
2250.0,0.9812745527607074,0.9999768280482937,0.999875240181263,0.9999928458331949,0.999872650161697,0.9999229851856535,0.9999267082076261,0.9999958402781003,0.9999236587772402,0.9999811508595606,0.9999894523226903,0.9999926015862434,0.9992185925176957,0.9998774674533238,0.9995476669213795,0.9975554760746099,0.9955200652343117,0.99992680372035,0.9782214386695025,0.9999193638019143,0.999914144344011,0.9998061957641157,0.9998466488803424,0.999891954829778,0.9999948565577168,0.9994936440304224,1.0000015109871558,0.9999994212907533,0.9999842068606566,0.9985238274341316,0.9988728149900712,0.9999733719609746,0.9999889698897235,0.9999845898438134,0.9999092381648551,0.9999938031664537,0.9999927044250753,0.9991881273508818,0.9996208173141466,0.9799375394776566,1.0000017520455997,0.9999968375777006,0.9999972136302664,0.9999807833868105,0.9996186117857725,0.7869264988303446,0.9291391477106942,0.9996378487346839,0.7962379639386827,0.9485078742585398,0.9874229973116523,0.989627006804328
2300.0,0.9832573839053858,0.9999829923129385,0.9999021151928978,0.9999949838626299,0.9998992220173818,0.9999396331657819,0.9999427912315157,0.9999966988348188,0.9999403573171077,0.9999860991509266,0.999992206542028,0.9999952412926334,0.9993614719318642,0.9998929585255227,0.9996304532028941,0.9979017479546513,0.9962144117924525,0.9999423853050246,0.9793267452141132,0.999936509433142,0.9999336379721693,0.999849761438969,0.9998796719615588,0.9999153629908838,0.999996615110778,0.9996032775986002,1.0000016574428465,0.9999996881736504,0.999988987063659,0.9987750233758665,0.9990662144875218,0.9999796793872173,0.9999916375281606,0.9999881644805314,0.9999289273582626,0.9999951527708693,0.9999943196467985,0.9993291290966293,0.9997020081520753,0.9814376993923012,1.000001977472771,0.9999969434285995,0.9999975317766666,0.9999851692646397,0.9996941252511987,0.8000377663309063,0.9357587255250848,0.9997144334981768,0.8093134964967398,0.9524916799913542,0.9888571941173028,0.9905840105884087
2350.0,0.9850213441828446,0.9999875969702938,0.9999232628925083,0.9999965897963397,0.9999201339483229,0.999952711180027,0.9999553883685074,0.999997333250562,0.9999534784682333,0.9999898655016562,0.9999942687758319,0.999997217132137,0.9994795825770271,0.999905156264553,0.9996984534685158,0.9981913601606331,0.9967942162938713,0.9999545663918318,0.9803775052477032,0.9999499112092439,0.9999487710411964,0.9998837067160024,0.9999053823710446,0.9999335657289594,0.9999979589228803,0.9996890843825386,1.0000017642070187,0.9999998834446053,0.9999925594742782,0.99898604344283,0.9992279005709058,0.9999844567902592,0.9999936121241454,0.9999908347449814,0.9999443729390556,0.9999961757616656,0.9999955465238166,0.9994461862288688,0.9997657660366166,0.9828149652719123,1.0000021511728905,0.9999970227611924,0.9999977649097013,0.999988561491269,0.9997550753975281,0.8122023788569115,0.9416924253103147,0.9997754593564911,0.8213245426748093,0.9560677190317082,0.9900968683471704,0.9914289206077285
2400.0,0.9865904821492273,0.9999910377209473,0.9999398953232919,0.9999977922703034,0.9999366204441731,0.9999629805139117,0.999965253115868,0.9999978011069648,0.9999637832718042,0.9999927219809763,0.9999958092951104,0.9999986932874732,0.9995769613228274,0.9999148204407021,0.9997542331748469,0.9984342090878449,0.9972786754216743,0.9999640768961755,0.9813771438726854,0.9999603752041349,0.9999605065277168,0.9999101400744209,0.9999253958826755,0.9999477233551698,0.9999989867897989,0.9997562824815124,1.0000018421331385,1.0000000259233812,0.9999952259958091,0.999162897436427,0.999362867170839,0.9999880772791925,0.9999950760125138,0.9999928274465802,0.9999564855997325,0.9999969529808164,0.9999964795490042,0.999543347256403,0.9998158887008464,0.9840787357198558,1.0000022852043589,0.999997082432581,0.9999979355128044,0.9999911861238715,0.9998041689545095,0.8235002198895505,0.9470136559037261,0.9998239319604233,0.8323651804994591,0.959278451231665,0.9911699420963741,0.9921767919422877
2450.0,0.9879863399382018,0.9999936098291895,0.9999529698642914,0.9999986898822617,0.9999496434905883,0.9999710409499556,0.999972976510527,0.9999981454132079,0.9999718720680626,0.9999948805246995,0.9999969572679573,0.9999997938666828,0.999657013280316,0.9999225355667537,0.9997999193045851,0.9986383767655356,0.9976838200262304,0.9999714937042996,0.9823286989081197,0.9999685373300322,0.9999695989651934,0.9999307119329914,0.9999409711289128,0.9999587358273869,0.999999773743178,0.999808934972881,1.000001899076098,1.0000001296038896,0.9999972143303753,0.9993107180631267,0.9994753171864121,0.9999908230471827,0.9999961632023637,0.9999943127753166,0.9999659815494065,0.9999975447727031,0.9999971899956039,0.999623941784695,0.9998553282313043,0.9852378638779101,1.0000023887523635,0.9999971274617389,0.9999980601731957,0.9999932175513556,0.9998436249113815,0.834006069194569,0.9517886064244073,0.9998623178414985,0.8425244000089609,0.9621634763486987,0.9921004912719991,0.9928406727847516
2500.0,0.9892281893931554,0.9999955335455859,0.9999632422910374,0.9999993579302403,0.9999599528132682,0.9999773648475865,0.9999790220387377,0.9999983982532987,0.9999782181353722,0.9999965057081369,0.9999978105482041,1.0000006126292393,0.9997226186544047,0.9999287508481555,0.9998372771234835,0.9988104828147035,0.9980230100141986,0.9999772717892704,0.9832348855135568,0.9999748983735132,0.9999766383224328,0.9999467134292235,0.9999530890503546,0.9999673019902101,1.000000376810156,0.9998502084778355,1.000001940731491,1.0000002048565393,0.9999986957797132,0.9994339102013254,0.9995688056468509,0.9999929073095717,0.9999969721896064,0.9999954184436726,0.9999734237607526,0.9999979963021517,0.9999977316517418,0.9996907259463376,0.9998863843966918,0.9863006652625682,1.0000024688343303,0.9999971615418802,0.9999981511223659,0.9999947903532806,0.9998752627150251,0.8437891030160081,0.9560767203178548,0.9998926311118559,0.8518853930129722,0.9647593529573482,0.9929091986098898,0.9934318347596007
2550.0,0.9903332483742161,0.9999969731420391,0.9999713089164222,0.999999853702894,0.9999681329613936,0.9999823240825598,0.9999837530913747,0.9999985835229033,0.999983194373296,0.9999977248735266,0.9999984431371733,1.0000012203367414,0.9997762147764258,0.9999338112301464,0.9998677721247858,0.9989559643622198,0.9983073612019142,0.999981769199545,0.9840981504004309,0.9999798519892766,0.9999820849363403,0.9999591538568126,0.9999625143291905,0.9999739649803872,1.000000839373885,0.9998825734257919,1.0000019712360635,1.0000002593407462,0.9999997989137588,0.9995362624216754,0.999646348618965,0.9999944910663903,0.9999975754011494,0.9999962402778506,0.9999792545677534,0.999998341468085,0.9999981451434699,0.9997459926758608,0.9999108527197638,0.9872749274241074,1.0000025308253102,0.9999971874042581,0.9999982173721099,0.999996008432056,0.9999005729746149,0.8529126947465342,0.9599312032321239,0.9999165081997551,0.8605251556722793,0.9670995115826899,0.9936137753073571,0.9939599872661766
2600.0,0.9913168790630537,0.9999980511406203,0.999977640010123,1.0000002206219798,0.9999746400149775,0.9999862113241367,0.9999874545369059,0.9999987189856628,0.9999870944391699,0.9999986361713931,0.9999989108811627,1.00000167032073,0.9998198614925817,0.9999379814552533,0.9998926205511994,0.9990792989681787,0.9985461104937298,0.9999852671151782,0.9849207167225638,0.9999837070659265,0.9999862972900344,0.9999688215055167,0.9999698430660426,0.9999791471717323,1.0000011944722889,0.9999079591042124,1.0000019935986644,1.0000002986950323,1.0000006200265972,0.9996210335080046,0.9997105082236499,0.9999956958616094,0.999998026139654,0.9999968501556957,0.99998382139377,0.9999986057862895,0.9999984611881758,0.9997916565456173,0.9999301379938333,0.9881679219486943,1.0000025788514018,0.9999972070780553,0.9999982655542138,0.999996952043295,0.9999207749306981,0.8614344435580096,0.9633995419237439,0.9999352720906969,0.8685143379407172,0.9692142513318471,0.9942293471199324,0.9944334741074833
2650.0,0.992192769804475,0.9999988589364717,0.9999826062708739,1.0000004914750107,0.9999798301490879,0.9999892568287958,0.9999903496600755,0.9999988178190614,0.999990149472367,0.9999993149433117,0.9999992558258697,1.0000020027074599,0.9998552951052909,0.9999414646531186,0.9999128309688736,0.999184182616857,0.9987469261626698,0.9999879859149793,0.9857046207832684,0.9999867055714378,0.9999895540506807,0.999976331505306,0.9999755398773313,0.9999831771575782,1.00000146729288,0.999927873726056,1.0000020100104712,1.0000003270569437,1.0000012311042572,0.9996910223173583,0.9997634607831797,0.9999966134632502,0.9999983636803709,0.999997301961522,0.9999873970342026,0.9999988085164503,0.9999987030401982,0.9998293200627197,0.999945341460378,0.988986418960828,1.0000026160858468,0.9999972220772199,0.9999983005420281,0.9999976832075703,0.9999368636737767,0.8694063683252393,0.9665240176051555,0.9999499872470384,0.8759172822874294,0.9711308066592885,0.9947688030696819,0.9948594516779955
2700.0,0.9929731017883281,0.9999994647215282,0.9999864997768219,1.0000006909279984,0.9999839818315609,0.9999916416881822,0.9999926134545798,0.9999988897763707,0.9999925413153059,0.9999998187790338,0.9999995095449569,1.0000022476273556,0.9998839741038501,0.9999444166691912,0.9999292387218339,0.9992736723243987,0.9989161699762997,0.9999900980131805,0.9864517416910827,0.9999890367611314,0.9999920715011218,0.9999821634497736,0.9999799668105107,0.9999863106376847,1.0000016770598779,0.9999434974678977,1.0000020220688994,1.0000003474532186,1.0000016858738445,0.9997486262996637,0.999807052808908,0.9999973131873167,0.9999986170063582,0.9999976360577558,0.9999901956306707,0.9999989642352365,0.9999988883281372,0.9998603263141056,0.9999573279169831,0.9897367040302919,1.0000026449729102,0.9999972335356184,0.9999983259109255,0.9999982498766803,0.9999496492385943,0.8768752145129509,0.9693422020657276,0.999961506231128,0.8827922028006425,0.97287346992511,0.9952431066955683,0.995244048754177
2750.0,0.9936687016877346,0.9999999193913636,0.9999895505542579,1.0000008374702343,0.9999873130584217,0.9999935082756632,0.9999943830505138,0.9999989420593323,0.9999944129573601,1.000000191511493,0.9999996956830375,1.000002427654475,0.999907118669724,0.9999469570848348,0.9999425346386923,0.9993503008784287,0.9990591175827925,0.9999917380827256,0.9871638250504399,0.9999908484598368,0.999994017282511,0.9999866909616898,0.9999834059046837,0.9999887466170967,1.0000018384624556,0.999955754634462,1.000002030939594,1.000000362091421,1.0000020243798808,0.9997958919831311,0.9998428479674236,0.9999978474270085,0.9999988075433816,0.9999978826460613,0.9999923852418817,0.9999990840029844,0.9999990304350995,0.9998858014199037,0.9999667775192731,0.9904245972218162,1.0000026673978448,0.9999972423053957,0.9999983442794222,0.9999986891420302,0.9999597891239547,0.8838828317255091,0.9718874287293826,0.9999705089786382,0.8891914641573664,0.9744637556546418,0.9956615710791195,0.9955925084917061
2800.0,0.9942891812262726,1.0000002609469512,0.9999919396740743,1.00000094491273,0.9999899947307359,0.9999949684813134,0.999995765892174,0.9999989799727048,0.9999958767800761,1.0000004663607913,0.9999998318961284,1.0000025596605207,0.9999257451715783,0.9999491776775125,0.9999532890391418,0.9994161695874808,0.999180143069737,0.9999930111700911,0.9878425016985664,0.999992255995413,0.9999955211922277,0.9999902049005583,0.999986076801612,0.9999906399863192,1.000001962736662,0.9999653697010298,1.0000020374738599,1.0000003725770659,1.0000022764351755,0.9998345594264131,0.9998721671143931,0.9999982558202607,0.9999989511616909,0.9999980642957962,0.9999940977300501,0.9999991762316905,0.9999991395360348,0.9999066892508814,0.9999742258882569,0.9910554739271688,1.0000026848163819,0.9999972490289731,0.9999983575617548,0.9999990297064945,0.9999678154011331,0.8904665888259577,0.9741892337461044,0.9999775356155951,0.8951619276455254,0.975920593490852,0.9960320997653672,0.9959093136173637
2850.0,0.9948430645414371,1.0000005177742939,0.999993809599241,1.0000010235374495,0.9999921610364586,0.9999961102019682,0.9999968461507156,0.999999007414321,0.9999970210633515,1.0000006683975637,0.9999999313296783,1.00000265622289,0.9999406964111308,0.9999511489066824,0.9999619718553927,0.9994730236201683,0.9992828730176821,0.9999939991152047,0.9884893024056058,0.9999933492525459,0.9999966836405957,0.9999929315550601,0.9999881504944388,0.9999921113005479,1.0000020584859275,0.9999729108953035,1.0000020422939282,1.0000003800746446,1.0000024642153227,0.9998661018232005,0.9998961227984379,0.9999985683875435,0.9999990596414678,0.9999981978471584,0.999995436532409,0.9999992473329312,0.9999992233780228,0.999923780162971,0.9999800952592534,0.9916342870717706,1.00000269835368,0.9999972541920288,0.9999983671547021,0.9999992937899419,0.999974157312312,0.896659801625482,0.976273764424526,0.9999830136623066,0.9007453382391147,0.9772605384187182,0.9963613962446486,0.9961982960446012
2900.0,0.9953379041374009,1.0000007110879354,0.9999952723574684,1.0000010809746736,0.9999939175104112,0.9999970024550959,0.9999976897524374,0.9999990272411978,0.9999979151171672,1.0000008164638066,1.0000000037418024,1.0000027266926657,0.9999526681272335,0.999952924881423,0.9999689695151527,0.9995223134967757,0.9993703147520412,0.999994765614542,0.9891056693498911,0.9999941982273574,0.9999975822542639,0.9999950468840182,0.9999897600596015,0.9999932543865621,1.0000021323041293,0.999978824138495,1.0000020458549561,1.000000385426596,1.0000026042041776,0.999891760958732,0.9999156491960891,0.9999988078929842,0.9999991417463617,0.9999982958440092,0.9999964827681478,0.9999993022031357,0.9999992878679045,0.9999377350124616,0.9999847187469816,0.9921655902773694,1.0000027088801315,0.9999972581626808,0.9999983740755753,0.999999498599152,0.999979160080118,0.9024921550057703,0.9781641539468247,0.9999872804108597,0.9059787325742459,0.9784979886713544,0.9966551449400697,0.9964627322710056
2950.0,0.9957803861695169,1.0000008567516845,0.9999964159941392,1.0000011228697752,0.9999953472955317,0.9999976994075926,0.9999983483216083,0.9999990415423876,0.999998613327653,1.000000924663115,1.000000056354618,1.000002778003242,0.9999622321333327,0.9999545471632868,0.9999745991083621,0.9995652455059193,0.9994449628907426,0.9999953602026643,0.98969296507142,0.9999948573906712,0.9999982770187066,0.9999966876488353,0.9999910090314477,0.9999941422624334,1.0000021892493862,0.9999834595172248,1.0000020484901575,1.0000003892408864,1.000002708649252,0.9999125789456247,0.9999315281605046,0.9999989916208215,0.9999992040108023,0.9999983676124711,0.9999973000361768,0.9999993445882447,0.9999993375154669,0.9999491053756622,0.9999883593027801,0.9926535615776553,1.0000027170695547,0.9999972612205905,0.999998379063961,0.9999996574624985,0.9999831005210534,0.9079901069650479,0.9798808624896547,0.9999906011982096,0.9108948525638477,0.9796454036055109,0.9969181667259461,0.9967054259605639
3000.0,0.996176425769197,1.0000009666355256,0.9999973096658412,1.0000011533877051,0.9999965160110441,0.9999982435491688,0.9999988622722937,0.9999990518417915,0.9999991583459683,1.0000010035108986,1.000000094497587,1.0000028152812432,0.9999698564003386,0.9999560476773097,0.9999791202662045,0.9996028232095481,0.9995088877157207,0.9999958213751968,0.9902524794992101,0.9999953691079471,0.9999988142738683,0.9999979601048934,0.9999919779349615,0.999994831745594,1.0000022332048548,0.9999870919596993,1.000002050443683,1.0000003919552594,1.0000027866482661,0.9999294265279539,0.9999444118937721,0.9999991327123472,0.9999992513182574,0.9999984200724559,0.9999979381837941,0.9999993773585976,0.9999993757682304,0.9999583506610841,0.999991224564469,0.9931020273161092,1.0000027234439466,0.9999972635786718,0.9999983826565961,0.9999997807064667,0.9999861999604529,0.9131772665530093,0.9814419857074314,0.9999931842259253,0.9155225533869505,0.9807135156226773,0.9971545519421684,0.996928779097032
3050.0,0.9965312530947164,1.000001049627111,0.9999980076595902,1.0000011755930596,0.999997475541581,0.9999986681914461,0.9999992632329855,0.9999990592485031,0.9999995836006267,1.0000010608175678,1.0000001220921408,1.0000028423069138,0.9999759223697438,0.9999574509411154,0.9999827451086775,0.9996358817316066,0.9995638083777161,0.9999961790329053,0.9907854355462798,0.9999957663147553,0.9999992298127898,0.999998946779582,0.9999927293797342,0.999995367040563,1.0000022671538527,0.9999899374072081,1.0000020518945916,1.000000393884212,1.0000028449589142,0.9999430281827992,0.9999548426461233,0.999999241172697,0.9999992873267112,0.9999984583477082,0.9999984362666976,0.9999994027167617,0.9999994052647803,0.999965852638197,0.9999934785164959,0.99351448589798,1.0000027284079458,0.9999972653993405,0.9999983852423527,0.9999998763331993,0.999988634872489,0.9180747411063329,0.9828635320988448,0.9999951925035041,0.9198871977920169,0.9817115318251581,0.9973677737150735,0.9971348530358363
3100.0,0.9968494907760781,1.0000011123859878,0.99999855256321,1.0000011917352365,0.9999982669900992,0.9999989994355604,0.9999995759480751,0.99999906456794,0.9999999152759905,1.0000011023632138,1.0000001420155344,1.0000028618601176,0.9999807397704632,0.9999587757730981,0.9999856465599634,0.9996651161669359,0.9996111534819796,0.9999964563908165,0.991292993672108,0.9999960746065063,0.9999995512808972,0.9999997117531371,0.9999933120305646,0.999995782532608,1.0000022933899304,0.9999921654783527,1.0000020529743405,1.0000003952532324,1.0000028886014654,0.9999539842313697,0.9999632697792182,0.999999324629723,0.999999314782364,0.9999984862238153,0.9999988248736887,0.9999994223550843,0.9999994280267989,0.9999719277918804,0.999995250664486,0.9938941311159247,1.0000027322754055,0.9999972668067167,0.9999983871025315,0.9999999505445573,0.9999905456083849,0.9227014507624521,0.9841596711388049,0.9999967534181503,0.9240110311733553,0.9826473224879295,0.9975607841836343,0.9973254206959015
3150.0,0.9971352234064506,1.0000011599061804,0.9999989777651392,1.000001203461541,0.9999989229822893,0.999999257720845,0.9999998197690503,0.9999990683837623,1.000000173869667,1.00000113241042,1.000000156373103,1.0000028759796027,0.9999845592059968,0.9999600366028076,0.9999879652847493,0.9996911051718032,0.9996521111981806,0.9999966714671119,0.9917762557281959,0.9999963138685304,0.9999998000315754,1.000000304769782,0.9999937637013481,0.9999961049632565,1.0000023136774656,0.9999939093979093,1.00000205377955,1.0000003962236823,1.0000029213066537,0.9999627901744916,0.9999700644880162,0.9999993889066491,0.999999335751434,0.999998506491534,0.9999991279522976,0.9999994375754278,0.9999994456048793,0.9999768378301089,0.9999966432666738,0.9942438748177256,1.0000027352899012,0.9999972678958167,0.9999983884403227,1.0000000081476823,0.9999920435249063,0.9270744100666892,0.9853429542670098,0.9999979663628029,0.9279135338269718,0.9835275945807275,0.9977360959880412,0.9975020110311764
3200.0,0.9973920597161287,1.0000011959359825,0.9999993094246014,1.0000012119758561,0.9999994694675298,0.9999994590433543,1.000000009823882,0.9999990711180862,1.0000003754178286,1.0000011540921439,1.000000166701283,1.0000028861566814,0.9999875827704198,0.9999612444775104,0.9999898154606364,0.9997143305855785,0.9996876706887594,0.9999968382427932,0.9922362683285496,0.9999964995462624,0.9999999925599827,1.0000007644362328,0.9999941137650656,0.9999963551245088,1.000002329374565,0.9999952737887967,1.0000020543813255,1.000000396910827,1.000002945848265,0.9999698534760582,0.9999755324460707,0.9999994384547832,0.9999993517918371,0.9999985212036798,0.9999993642423473,0.9999994493803581,0.9999994591894257,0.9999807986133309,0.9999977370418716,0.9945663687319486,1.0000027376405716,0.9999972687394938,0.9999983894023019,1.000000052868997,0.9999932167809273,0.9312089777411038,0.9864245109204781,0.999998908788092,0.9316117482723685,0.9843580494958374,0.9978958511258864,0.9976659468131008
3250.0,0.9976231880457163,1.0000012232913305,0.9999995680235526,1.0000012181563651,0.9999999271285248,0.9999996159142075,1.0000001579339466,0.9999990730756223,1.0000005324587438,1.0000011697037148,1.000000174118492,1.000002893479464,0.9999899729401486,0.999962407836554,0.9999912895699233,0.9997351937690698,0.9997186563518026,0.9999969675639899,0.9926740259236522,0.999996643634167,1.000000141610306,1.0000011207089399,0.9999943850305041,0.9999965491782461,1.0000023415272123,0.9999963407920797,1.000002054832069,1.0000003973968645,1.0000029642899206,0.9999755080255662,0.9999799246161015,0.9999994766809558,0.9999993640806492,0.9999985318669371,0.9999995484015101,0.9999994585427355,0.9999994696951332,0.999983987730075,0.9999985956799184,0.9948640253116883,1.0000027394743638,0.9999972693936919,0.9999983900940791,1.000000087597404,0.9999941350309255,0.9351190764826153,0.9874142218112041,0.9999996409840899,0.9351205806335081,0.985143524844277,0.9980418790328315,0.9978183766459855
3300.0,0.9978314257124463,1.000001244089847,0.9999997695884916,1.000001222642607,1.000000312486372,0.9999997381129393,1.000000273332861,0.9999990744759444,1.0000006547900073,1.0000011809216642,1.0000001794368822,1.0000028987399343,0.9999918599731076,0.9999635331080843,0.9999924623670151,0.9997540292170293,0.9997457561220624,0.999997067843454,0.9930904737035139,0.9999967554451878,1.0000002570305102,1.0000013968274801,0.9999945952033023,0.9999966996837268,1.000002350941452,0.9999971748769054,1.000002055170458,1.0000003977403202,1.0000029781681037,0.9999800265136576,0.9999834464478066,0.9999995061956765,0.9999993735089627,0.9999985395847644,0.9999996918888792,0.9999994656589064,0.999999477825431,0.9999865509096095,0.9999992694087332,0.9951390374965329,1.0000027409055054,0.9999972699014327,0.9999983905916692,1.000000114572697,0.9999948532099033,0.9388173851153226,0.9883208716050248,1.0000002098448633,0.9384530758860702,0.9858881207030346,0.9981757455088298,0.9979603020315091
