0.0,-0.00785320772287313,-0.03618671332787074,-0.043283114630153184,-0.06558013885474724,-0.05699890482368668,-0.03994887430245613,-0.031930072012139814,-0.04443328152876641,-0.05208260030121689,-0.014010601547697362,-0.02382504837959561,-0.015369162569912706,-0.0018744768762304323,-0.0372134237091319,-0.006392762318632875,-0.0038645221437929155,-0.014064157333386756,-0.008926268180787872,-0.03549091684743657,-0.007585227565666246,-0.006156908789137518,-0.0024430468902975717,-0.002801139627392668,-0.003820863240887547,-0.025814541077701588,-0.004701076762893087,-0.04737502346080161,-0.07073789928756366,-0.007290198515019958,-0.0004691789581530021,-0.0006219331168098323,-0.007409674459413929,-0.00969565913693489,-0.007521926094416785,-0.021857709967361867,-0.034488866776625646,-0.02035550678074218,-0.0011039613989216848,-0.003117277131165778,-0.022872441781461837,-0.05938873489609607,-0.05329655532308516,-0.03694021247003905,-0.03131788177569705,-0.005501005353877313,-0.001465601709372104,-0.0025144345021392493,-0.004365986170383573,-1.5144805001921743e-05,-0.0018281093977445245,-0.0038310214360198955,-0.03502874747333794,1.017352398e-313
50.0,11.152152979537076,2109.603692126096,153.17941982125237,1868.0614461582338,190.78309859727548,92.98052361762088,61.49215948318336,40.73403262771837,313.96320993094855,1.8824635620877006,12.01094621146398,2.790454015646092,0.08721252570686218,406.153268566424,1.311244412870001,0.024354516249641193,0.49377724000959045,0.36552500555638906,471.1948962555717,0.34275136499502346,0.017515331609257632,0.00305074714918832,0.010032317234656309,0.051509867850329974,5.010569573836941,0.0371916433775387,18.038413565265035,509.62887172270854,0.7211466019053911,0.0070945627639774165,0.02490006155695095,0.46962969552821526,0.5738451984854993,0.7288058023900326,29.12132159424176,7.466070372569735,2.076311842783284,0.03670587505570331,0.07998785256192073,127.30091554668313,28.32836565887908,19.738462932108682,15.0027890923677,22.84283572214139,0.8762946483164074,0.06556316545497416,0.47874689200117043,0.07674988831940019,0.0003812852264334457,0.026228803559788884,0.16308962518577433,81.4697950032142,5.86831855e-314
100.0,74.996342823204,5541.122337500314,609.7190168955933,5603.885044902968,728.053912978646,419.98585159357185,299.85641924314723,181.32294056729842,1189.0967425994863,11.654497935468532,65.8700115095645,17.501390723964764,0.8304378428452164,1575.809833774946,9.480578109126643,0.22172058008605378,3.3828815369670164,2.697753469477237,1665.3792399842162,2.5234129833986567,0.14932391685481852,0.03129401319073676,0.09050926877476034,0.4228306947443313,28.61842491273295,0.28495194767132004,86.59714935132445,1588.5004938086227,5.451240256851633,0.07702480610525334,0.25205702546347986,3.408553135447782,3.914757587288687,5.189239325692485,160.85858683005063,40.74238501949596,12.925164096179689,0.3580130804198649,0.6552271157325406,650.4640427918997,124.16064386990311,91.66388961237836,74.9255793893348,120.25196695722542,6.929844754138192,0.5047172761742184,3.193736075265627,0.6654038026734344,0.003244207036197771,0.24453511732945396,1.402186805067354,370.027471462911,1.5631131197e-314
150.0,271.94036584331377,9450.84013776991,1384.2303246475872,9948.481877003847,1595.483781166264,1051.2514934719832,802.8427997142378,446.4820755675279,2552.0129120030606,38.368354513409976,195.13299024901931,58.355531137475694,4.132181178453707,3508.067494662264,36.48036020311866,1.0283453823369735,12.318145527723818,10.43784637908287,3433.3255387434247,9.752640873825023,0.6059714397870485,0.133750826102867,0.3923621050960639,1.782009907962571,87.3910797465169,1.1147503065593132,225.33454726802267,2889.474952121318,21.72099534541102,0.4243485017371502,1.318534924460418,12.996659641322992,14.164209103525788,19.522827662616315,480.60061503065276,119.16812112757334,42.60258802730466,1.801608055741347,2.790504191680276,1820.2531734368279,297.8983353492172,230.98800138945225,203.41864943009574,341.9984105211355,29.071396790537488,2.0482944481002585,11.382752605481627,2.976795216351563,0.01454669964684059,1.1759196560197476,6.31316452084767,937.9285841173505,7.00741342e-315
200.0,707.9157855281537,13442.184438612227,2378.7038983362336,13860.500436694012,2663.1070773795486,1942.9078924340863,1572.4838603151936,810.9883268620387,4146.502980150863,89.80957135687537,416.3534224595866,138.16631604075997,14.38352822579614,5960.715570343922,99.6143982362235,3.352702550275718,31.932313954361007,28.407735459720463,5491.470149672273,26.536620072692386,1.7236383067227992,0.4005446020483376,1.189578793955375,5.261740766923329,190.59656990715987,3.0810564531190243,424.9855990039098,4091.251905814814,60.93912521622579,1.6181394015441883,4.789091828442576,34.848447856786095,36.3500786992361,51.82410832137317,1035.114420429199,249.5366823698235,99.45552395607794,6.297235121644987,8.336593626332219,3711.8107193173973,523.6085940510405,422.77568737314397,400.8420287747211,701.1651607039222,86.25927583423521,5.8660768297258405,28.948975857768502,9.304589380908846,0.046535797119997606,3.959512256540575,19.958513633499948,1767.5682204643726,3.985255855e-315
250.0,1485.628715646752,17340.39990530972,3462.614363076704,16947.48770342613,3786.4038325107344,2980.573325557998,2533.2647983074307,1221.7324933978132,5733.862110648994,168.2856432199935,719.6472047015176,261.43392584183647,39.33315637754041,8656.555851250267,216.84991835560058,8.622202045116403,66.24072616683547,61.16776289198044,7615.30346849169,57.17157203508847,3.86376776839513,0.9445856672813427,2.836313208330281,12.242180463792593,334.3492176225797,6.762832343956115,655.0641738074863,5056.812018864794,135.26967892353622,4.800927335778454,13.573164124877415,73.88589870264329,74.33438835468613,109.07411022532028,1807.4410947624074,421.3637451498422,185.16585645562796,17.18977468442609,19.64142434571126,6192.819773351516,760.5858759301766,634.2308720160387,645.3662967494349,1166.7634991572334,203.32556439272105,13.340199340166919,59.167029901551906,22.846849408920697,0.11947633540830765,10.49335709969315,49.8101851495682,2781.1467908451427,2.58328289e-315
300.0,2676.410054065377,21047.358673868137,4527.7669481673,19238.820119815842,4860.179287494957,4041.9866010818623,3576.6755728585063,1626.1620199409779,7173.019706272236,269.443882854154,1074.6870516115682,421.8837145109289,90.00970289241677,11387.893677806816,401.0098508978747,18.63215476436855,117.24263198258191,111.15085766513195,9670.382773551923,104.02226363240506,7.280520809478496,1.870596115439028,5.672614794592095,23.93710301758758,503.80286348633183,12.568827507513957,882.0023344553822,5779.966137142453,253.2374262946364,11.815725144125048,31.993940463891143,132.1012196697312,129.09171515091572,194.03339559677832,2729.342805240104,612.8989204323224,293.64958628295744,39.0748896504173,38.91339593615619,9002.148839787096,975.58631673199,833.9216133325519,905.671308955173,1682.2450420436337,405.5819562605461,25.709805228732698,103.80799751298161,46.98376203351896,0.26254733159276106,23.330803842936803,104.6076343632606,3886.156492951024,1.816400094e-315
350.0,4303.259221111211,24495.559038006253,5505.9087704496405,20910.754686886492,5826.997107894252,5036.140689969781,4603.770341533963,1988.454184231043,8408.09914033538,384.2962477855317,1443.9186432517545,605.2144308899173,179.31973640618222,14026.100211733277,655.5313124364502,35.209858262889476,184.3282304465467,177.59625116314444,11584.205653922485,166.53178730775306,12.018395607431211,3.2404075130362893,9.914288011906022,40.978196926766955,679.997331723976,20.598858792587844,1081.9877915542882,6304.532208979755,416.2773842779997,25.116121714359895,65.29846972200025,207.55195211145323,198.1823969830614,303.8784933628974,3712.0615597030032,801.142455692227,413.747855441399,77.03268155404362,67.51414252257376,11857.853794715104,1151.8132551765991,1002.592453889014,1153.9701157230725,2190.8494394967083,712.1851928910457,43.77330223062579,163.07138264687708,84.28158055471764,0.5141625844680358,45.306678910709884,192.4617273081679,5005.406826577465,1.352085125e-315
400.0,6339.550357521428,27634.375156905808,6363.72689646949,22136.42312836711,6665.67417908392,5912.219957078728,5545.7312389748395,2291.7292242058097,9435.039210943314,502.47799356644236,1794.8951795125568,794.3733282006874,319.5820194148558,16497.42370309037,973.4063117551759,59.804968588801074,264.7082634807438,256.7512642255538,13318.646067419182,241.34562923039536,17.88745527402499,5.051481442469732,15.577900877249432,63.18334934014273,846.4737772436688,30.61809506685835,1244.3276105737611,6678.954125080685,617.9294607752715,47.41560032856385,118.63045026053541,294.9021067934948,276.5826999399786,431.01098708297377,4674.840213212643,969.1169614406191,533.4890499179312,135.45269311119657,105.50200210213454,14537.304311153439,1286.3279408662486,1134.114608870192,1372.0050614938643,2651.381739860561,1130.922521013461,67.77383600783429,236.21061881222045,135.6285375561705,0.9223014987088468,78.99449745089558,318.90343935700827,6086.710391282123,1.0518332e-315
450.0,8719.594861521677,30433.181929107086,7093.159521213926,23048.33036890594,7377.589985582133,6652.536407497131,6366.868238394038,2533.736476230751,10271.342035490447,615.0875230585891,2106.1104028428526,974.2836186681784,519.7034595580634,18764.988554449992,1339.2883448751743,93.14733978733739,354.26277370222556,343.0047360287149,14858.078649539173,323.33431567528567,24.520112236208668,7.236641875662898,22.472615959872094,89.60263699681381,992.5636922048076,42.13216980758736,1368.459057981522,6943.362151857659,845.5631772847296,81.13813468851653,195.84107258956115,387.10160235645964,358.1991720947938,565.4306447745248,5560.6112168532445,1108.5119236787136,643.3970990476112,216.87669346536487,151.5989946799886,16907.37201400115,1384.0709985501962,1230.8645676908145,1552.0228325654136,3043.025479414301,1656.0428828603312,97.46587674712943,322.28859779766225,199.89054693789308,1.5450129436475069,126.15932780004233,485.56324987732813,7100.50611310876,8.48484393e-316
500.0,11354.64150876335,32883.229815593404,7698.832772023057,23735.854701628374,7973.247963692384,7260.090987806245,7056.305878013374,2720.4776343080725,10943.259712291572,716.1003566632988,2367.7488379247275,1134.8084076139999,782.8651569086728,20810.044809615625,1733.2366482018256,135.06947989108787,448.59100831227573,430.3829996508126,16201.878481263275,406.9493290098472,31.473861258631402,9.6811105871525,30.245164430276596,118.75321257531135,1113.701655301393,54.520232679434066,1459.6347736543921,7128.385232215112,1083.7164003361895,127.84517929240593,298.3930913114555,477.2877611386222,437.319865185707,697.3682574155819,6338.121846833609,1217.9517317568443,737.8549323705195,321.2541436748201,203.50246652615266,18917.430438827192,1452.9220694442001,1299.221259962634,1693.898353584886,3361.3421152280903,2269.294495251265,132.3458174635853,420.77448508470235,274.1277165102017,2.4510486847848574,187.39151356670246,689.8337495903679,8034.295649604545,7.0576743e-316
550.0,14145.939091890172,34992.64463966843,8195.747902811425,24260.873306188303,8468.900413816595,7748.885221497292,7621.357423896032,2861.517878741362,11479.544085874153,802.5508176856736,2579.18511474139,1270.8822999450083,1105.5473413767184,22627.592897452705,2134.372938167613,184.52784131857695,543.748800833716,513.7443882183403,17358.795979144626,487.32389046238416,38.32640399585445,12.24971492926921,38.46471053309723,148.95620723633863,1210.1372501666945,67.16225113382693,1524.7334160912444,7255.901259101905,1317.4276759165407,187.81169735607406,424.923215308965,560.1052490385217,509.6714629440815,819.0181998687448,6996.933783675184,1300.6256032663139,814.9856816339551,445.83976197699417,258.4281000159143,20577.479597843187,1500.5106692129355,1346.3140931423245,1801.945968954652,3612.2075270297933,2943.7375474949945,171.83883435895694,531.7686801710253,354.2372004669532,3.7196366627917348,261.9467018213344,925.3197962748822,8885.5804086544,6.0260936e-316
600.0,17002.236531831368,36783.927402988076,8599.531135665438,24664.012662609508,8880.798763387662,8137.670783486037,8075.149219390448,2966.6725213164623,11905.196720481268,873.925469907092,2745.0455051546983,1381.6922268298663,1477.798235399223,24223.258487365514,2524.506813474941,239.80229073676125,636.6296955545641,589.4671561012856,18346.956805726448,560.9172123998067,44.746190732610664,14.81171753646294,46.703391117340566,178.65795803837136,1284.6842085712074,79.51864175986746,1570.383586686771,7343.412313256102,1534.755659549305,259.8679805375698,571.3359496871135,632.2754496671987,572.7071956949814,925.6579201281282,7541.359984153037,1361.5363289019706,875.7270884310664,585.6812531161698,313.622898151984,21930.02039142445,1533.0905247582784,1378.2719807619897,1882.2308532637408,3806.186067536885,3648.2444903757596,215.4826303279671,655.902784212028,435.80356587192244,5.43959934590915,347.89903412339737,1183.3074379891336,9656.861451286315,5.2612948e-316
650.0,19844.157940694262,38287.70414180742,8925.808594490161,24975.273806447567,9222.06889896891,8444.574220383805,8435.807762152252,3044.4440827318263,12242.09392146435,931.224956019144,2872.6445539880756,1469.3641849586243,1884.8655275618603,25609.54238116377,2889.4484984674446,298.7662508220466,725.1711147183782,655.5558231848353,19184.486760979766,625.720942664338,50.5176846934924,17.25714104702665,54.599911222394496,206.62418714425732,1341.1570823244383,91.21599131289749,1602.2133335418532,7402.169920585316,1727.823108900662,341.5622528173274,731.5788546379811,692.5903088667832,625.5068601479032,1015.3480605497435,7982.651585210326,1405.9368751425486,922.2057095814494,734.5009074185887,366.76553860930306,23029.429121667275,1555.3519488964366,1399.7229964156204,1940.8807924309647,3954.592382761937,4352.3753288148,263.0336778039093,794.0458175244274,514.7928626959873,7.706029376184203,442.4474925011449,1453.9828121943337,10353.764528943319,4.68152614e-316
700.0,22608.577641935877,39537.72583249508,9189.58125899597,25215.907483273197,9506.461372865675,8686.471900785662,8720.209509058826,3101.834635624266,12508.986763391928,976.325817789366,2969.4844795905965,1537.2125081828708,2309.621683607158,26802.070425963782,3219.821448233119,359.1993537243192,808.0230279888709,711.4222828399207,19892.011692204553,680.9028602102671,55.538898575976866,19.510223347344823,61.89110410572118,232.01523119408262,1383.6206527427855,101.98452612566304,1624.2875230370335,7441.55014432584,1893.004249980148,429.548415316424,898.5241563708192,741.3308196684097,668.3390564501652,1088.2134156922225,8336.434982083634,1438.0798997410654,957.1737015510399,885.8209604162856,416.15406244642037,23930.082124406454,1570.6719332014736,1414.044388316719,1983.3357935759866,4067.7410215624946,5029.752877746969,314.46720951663644,946.9416942103044,588.0716068226866,10.616649195741147,542.316004305669,1727.6572498367116,10983.16515375466,4.23328706e-316
750.0,25249.870159927894,40570.243351392615,9402.099972895538,25402.164249841546,9743.976564287144,8877.114966674855,8943.980742313483,3144.283303878528,12720.876121907704,1011.2299454322308,3042.5673266499193,1588.9267849587163,2734.8142389430704,27820.218452020792,3510.8748248806587,419.050085795876,884.6229279386304,757.5292991261044,20487.657412690853,726.8879110512214,59.79751129668823,21.52524740499378,68.41958276421839,254.39857326811838,1415.327055302461,111.71739539199342,1639.6078991879378,7467.803743091834,2029.924451657646,520.1238550220426,1065.2190987855577,779.685294385389,702.3170632778546,1146.0049321513677,8617.086579930903,1461.5925361453076,983.2583112303856,1033.5139084171674,460.762174194048,24677.60560132879,1581.3018465665853,1423.737729803015,2013.8479085100425,4154.133747263732,5660.187937670652,369.91470650588843,1114.902957528346,653.581916543301,14.26485436519776,644.2097852778434,1996.079833682755,11551.313694879873,3.8806763e-316
800.0,27738.660186296733,41416.50744985938,9574.615435357911,25545.919522085966,9942.739753179425,9028.379362971189,9120.247561210595,3175.7288059113876,12890.262702903225,1038.0017202440092,3097.45732118343,1628.0715097338805,3145.0660529833735,28683.36223098535,3761.4833884036652,476.6108988437709,954.78330149903,794.8776969925062,20988.9246644481,764.3641974512065,63.34065247644236,23.284085466931845,74.11811967905135,273.65499634590526,1439.153104074753,120.3705717646895,1650.3006991856728,7485.306236117273,2140.584826608941,609.6797617340285,1225.5362498726747,809.2801874452582,728.7234393001514,1190.8491804806208,8838.982648187179,1478.7888994035727,1002.7115832096491,1172.8277218311728,500.1516826625774,25308.2505267372,1588.7425931502048,1430.3040783738738,2035.731222047191,4220.459493690713,6230.429371692101,429.63263272787395,1297.617017286501,710.3852906240937,18.732756888980138,745.065419094498,2252.687411701981,12063.835403276755,3.59904215e-316
850.0,30056.82255022465,42107.143764120294,9715.25321978941,25656.54862564179,10109.626172667371,9148.390848669673,9259.010865816688,3199.1095449410473,13025.897063893937,1058.3928183935332,3138.7808374068977,1657.5234017412313,3528.187966514896,29410.8774598572,3973.272365077158,530.605774995061,1018.8166284289299,824.7186008158618,21411.439095515743,794.520202229422,66.24403304846969,24.791795085218325,79.00266120882053,289.9221538940091,1457.1002470383487,127.9752536460186,1657.8667754387045,7496.557973123322,2228.174353754942,695.1763890542427,1374.7236978676956,831.9296633060676,748.997214349204,1225.2479464100002,9014.624284740059,1491.6076529809138,1017.2227011549038,1300.3859517518683,534.3223894944923,25850.76766272249,1593.994763592734,1434.744138010846,2051.4869039701894,4271.656882064395,6733.851601123346,493.87116907969767,1494.0836602662966,758.368828155176,24.085541877003184,842.4821493575217,2492.917072452637,12526.355467738003,3.3710601e-316
900.0,32198.73218697423,42667.777822849035,9829.01379109084,25741.55181056363,10249.636018158011,9244.02502786522,9369.021397664868,3216.5511710297883,13135.904654211872,1073.8421330600845,3169.851429474808,1679.658847195778,3875.8663744741293,30021.51474504416,4149.429793456598,580.2152582990942,1076.910385866177,848.3657323937757,21767.70124686322,818.6070776363529,68.60926218088731,26.06398703718992,83.1109405037373,303.4568808348823,1470.7320899428778,134.6127900438164,1663.1817037468159,7504.684202380738,2296.4445986852356,774.2369776951548,1509.592637156174,849.0728828718014,764.5149176617472,1251.3279548041405,9152.76240143203,1501.237107151263,1028.1679959698026,1414.1252450437096,563.5744581806003,26323.907579963372,1597.8087374109934,1437.8083579461622,2062.865790275009,4311.539271964946,7168.267036847882,562.8491994119674,1702.677564370611,797.9701241908375,30.36582763925,934.5844165406754,2713.9561107802274,12943.87402917111,3.18432996e-316
950.0,34163.76411367298,43120.910058686684,9922.772534018739,25807.179275484537,10367.769466053594,9320.907377267866,9457.154739078622,3229.616650025769,13224.035816189313,1085.4757695078454,3193.3573834259337,1696.3539149908152,4183.413215551605,30530.899608627675,4294.206387659669,625.0264424263266,1129.5020501494575,867.0077654158757,22068.961561821045,837.6884868380997,70.51238970063072,27.126689080815147,86.5372863564852,314.5975114967436,1481.1744490088595,140.35837392639087,1666.9958668335087,7509.685073762087,2349.1470322903047,845.4165900859888,1628.7048675368117,862.0237942789195,776.215407097401,1271.1532125062554,9262.147739035125,1508.552818742166,1036.4234485830457,1513.3577798262177,588.3832864666916,26742.670707196405,1600.5597565321223,1439.9345317494517,2071.1184576035243,4342.732304664348,7537.050968847129,636.6292979019602,1921.2108241436608,830.1896485388974,37.58990535305938,1020.1843406834316,2914.7419814015793,13321.3911975568,3.0298486e-316
1000.0,35956.91839833357,43485.91582497295,9999.654759473426,25857.181179758736,10467.77667900472,9383.413269822559,9527.161355343887,3239.3688116052695,13295.915830621934,1094.2320733114968,3211.1117801157366,1708.9219074742846,4449.515894113282,30954.657494667856,4412.1654407024,664.9704319145978,1177.0291102581602,881.7707660704938,22325.22039826278,852.7655090387339,72.05446290848231,28.006819072157562,89.36999937524567,323.70748158052095,1489.1779091967067,145.31226977350406,1669.6845194394818,7513.435703026008,2389.532925470276,907.964599209363,1731.6227120395274,871.8461162653456,785.1623520255822,1286.0374411238402,9349.030883234582,1514.1801685338578,1042.7397769154657,1598.333665156085,609.2869092891018,27117.68236322449,1602.6229718709728,1441.4978477785473,2077.1203045103052,4367.361462661669,7845.203945384758,715.2114691380028,2147.1829779906934,856.0281059133287,45.74460813372045,1098.6567209062719,3095.337249254542,13662.032063167759,2.90087047e-316
1050.0,37587.57015125899,43779.04541329308,10062.16072700893,25895.307643918393,10551.532806340889,9434.043007238886,9583.416612433226,3246.745390450079,13354.669909908958,1100.8616814293766,3224.6150400186452,1718.4259072414818,4675.299683226878,31306.53877531982,4507.557742115159,700.1285531326135,1219.8665648312867,893.3431203167893,22543.353038236797,864.7140775788,73.29267446868296,28.73142561822203,91.69745177254536,331.1189780290903,1495.430391672005,149.5685330609206,1671.6853280951145,7515.9361582995925,2420.2908116660087,961.880863125337,1819.0339015665024,879.2908001677663,791.9191632175443,1297.3566051708744,9419.037315391502,1518.4319061172373,1047.6174794460946,1670.0533182862023,626.8296685860234,27455.81778954787,1604.1234877055665,1442.5609211576286,2081.496592422822,4386.864599718403,8100.226666946472,798.2956525798128,2377.843537270227,876.6113253602706,54.78669032842066,1169.9389941491847,3256.4920546194894,13969.546703411277,2.7923414e-316
1100.0,39064.46950715978,44013.42405445818,10114.040642456324,25924.683769126244,10622.162978970686,9474.671814418341,9629.67079886582,3252.246550915366,13402.798235655398,1105.8650582590788,3234.867468056213,1725.678833920919,4863.765106452212,31597.7937591571,4584.384025669611,730.9072790798087,1258.4519377858041,902.5380726942979,22731.484707610914,874.1599739689541,74.29033247341263,29.326349686276895,93.59551483639335,337.12662093156536,1500.3071857916057,153.20874660574097,1673.1859036796736,7517.186487966101,2443.734006099526,1007.5406386826392,1892.25145248849,884.9835684396724,797.0490705145708,1305.9239167512712,9474.667399971238,1521.7457107851355,1051.3694087336155,1729.829850788674,641.5371509443047,27763.327175940907,1605.2488615858133,1443.3113297868254,2084.747504978288,4402.429477974149,8307.744885837075,885.5692127638174,2610.379514819233,892.8776607719122,64.64782859154427,1234.1562105032156,3399.706580180165,14247.685185655684,2.7003882e-316
1150.0,40399.49161612412,44199.676938951445,10156.544689480215,25947.18463097048,10681.542325768693,9508.424878886099,9666.549140523473,3256.434907109431,13442.175940856025,1109.617541082643,3242.681785434693,1731.1809885702817,5018.912836818674,31838.422703789147,4646.207447634308,757.6819475764898,1293.0352652924037,909.7937021925966,22893.365581533086,881.6663320196941,75.09186672548887,29.81364569890514,95.1524829554414,341.9999253661324,1504.058495409834,156.32075408662158,1674.2488163298547,7518.436734444831,2461.675619762857,1045.6319431130537,1952.7760468116267,889.3624630256609,800.990108226069,1312.4274089612734,9519.671430404529,1524.3091981211905,1054.3707988264027,1779.1014668484042,653.8036896822233,28043.960671542674,1606.0616358644975,1443.8741267974215,2087.123154935284,4414.868788755807,8476.509346218443,976.4069554182236,2842.2279441346523,905.7029275087685,75.23776147473457,1291.7459920963083,3526.6685249166944,14498.32257037003,2.6220122e-316
1200.0,41604.51163768592,44347.80421909718,10191.548012990987,25964.060292277834,10731.545958117695,9535.302349157477,9696.551805984482,3259.6230447981357,13474.05314585674,1112.4318747441175,3248.620651263657,1735.3700853518578,5145.056102199641,32036.550818580257,4695.903570823438,780.9529621559532,1324.1166142967916,915.6104549652521,23034.620791573783,887.6711496983667,75.74158149183516,30.212789553415657,96.41907194204366,345.952040209485,1507.0594568422885,158.96115467699929,1674.9991169553732,7519.686920977425,2475.366103801912,1077.1554490581348,2002.4834340173302,892.6778604397973,803.9926610614732,1317.3674531997904,9555.924634329022,1526.309950971313,1056.6218152554893,1819.5563934019806,664.1297856205908,28301.468394115316,1606.6868430451316,1444.3118454448397,2088.9361260233945,4424.7451751166755,8612.77073200259,1070.1836346411371,3070.9509019084308,915.8378441790161,86.44180414977482,1343.3960091886715,3639.0655940419783,14725.833917605967,2.5548599e-316
1250.0,42688.904728364505,44465.30601600832,10220.300735762676,25976.560799306422,10773.423978291601,9557.804340671213,9720.92893665932,3261.9985196893786,13500.30493461215,1114.5582375519316,3253.1216834133115,1738.5587759118712,5246.820627385309,32199.67827286475,4735.910368837381,801.0332299043913,1351.8210617317993,920.2386837228561,23158.375451106534,892.4248025543747,76.26490757326671,30.538788170806097,97.45837100631846,349.15850150352264,1509.4351756225194,161.2052967668858,1675.624338361803,7520.312058310834,2485.805783681988,1102.9869059360444,2043.0618601969006,895.3050399969554,806.3070166790052,1321.119323631794,9585.927181562774,1527.8730290863448,1058.4350666862692,1852.507828223304,672.7034144601735,28537.725442997256,1607.1869980061351,1444.6245069407655,2090.2489708091143,4432.746240455968,8721.529648188658,1166.2114666270818,3294.423018714337,923.9080309437458,98.14711260094738,1389.668953605501,3738.585484749474,14930.844282123833,2.49704745e-316
1300.0,43664.546047363685,44557.182431063615,10244.052959208593,25986.56118825027,10808.426473606636,9575.930941660969,9740.93064229202,3263.8113759477055,13521.556391402908,1116.1217541789963,3256.559964548948,1740.934668076608,5328.207082240306,32334.055204129567,4768.1657265424465,818.4856762443248,1376.5862074447803,923.9286451434415,23267.12964318667,896.3025868830906,76.69342144909245,30.805293888391848,98.30213258160308,351.76348655178856,1511.2482129854939,163.09725563381235,1676.0619998319537,7520.312157725313,2493.8698876988506,1124.00204479616,2076.01202686873,897.3066943066974,808.0583778466034,1323.995708563071,9610.304216311,1528.9984737288953,1059.87313024263,1879.3314000415116,679.9624821533198,28755.856899230243,1607.5621151826117,1444.8746268702864,2091.249223585472,4439.059562963846,8808.411608917888,1263.615142055404,3510.956485433412,930.288991646933,110.2158221547552,1431.190013834122,3826.7908822611375,15116.478723285243,2.4470603e-316
1350.0,44540.81074496066,44630.308541570164,10263.429775580951,25994.061485908325,10837.803532668917,9590.932227962638,9757.182007233689,3265.186644980162,13539.05757167183,1117.3725211321425,3259.185557859052,1742.8103416980211,5393.028564065443,32444.05672291182,4794.357454945344,833.5606917005218,1398.6621623721571,926.9305342857513,23364.008433525047,899.3672193951805,77.0336330126658,31.023366716919632,98.99449787489395,353.87983667220556,1512.6861206522858,164.69984211977402,1676.3746202926352,7520.9372383161135,2500.121082301393,1141.0765522926702,2102.7095501252707,898.8704664477824,809.43438062486,1326.2467385787606,9629.680840035173,1529.9363183001105,1060.9360556686047,1901.152659841485,685.9698360033603,28956.487829087164,1607.8122031447015,1444.999714367025,2091.9994112814047,4444.185200587484,8877.792034146176,1361.706843933439,3718.988554661716,935.3561371173256,122.51631958372992,1468.5843800308774,3905.0569589402526,15283.362293287768,2.4036893e-316
1400.0,45327.07396609599,44687.18441210394,10279.056253834588,25999.686714366246,10862.805220992987,9602.80826819285,9770.308099505144,3266.24934627363,13553.433524909353,1118.2480969420546,3261.1860103847143,1744.2483488245703,5444.410581164196,32534.682916606736,4815.548302144047,846.6961327680033,1418.2365497076887,929.3069911554785,23450.88687871102,901.8688637457244,77.3107447650844,31.20147269478475,99.55453419315805,355.59531591620186,1513.8114304456528,166.04458971779772,1676.6247111352236,7520.937295527902,2504.9344809086683,1154.9610424603954,2124.3424634889707,900.1214454083282,810.4976232942432,1327.9350128639194,9645.932143470158,1530.6240852261872,1061.8113796122154,1918.8470757183325,691.0382845077053,29142.118289960978,1608.062269106348,1445.124782034912,2092.5620517693865,4448.248197057601,8933.421264979146,1459.6112580753243,3917.581542283135,939.4222752237531,134.92950299360365,1502.2897144264912,3974.6963744788895,15434.620051639327,2.3659379e-316
1450.0,46031.46084558117,44731.560093371525,10291.557457280791,26004.06188953008,10882.806598846635,9612.809099276836,9780.933975022728,3266.999500763024,13564.68429946427,1118.9985347070015,3262.7488561178675,1745.311236392169,5485.228556106363,32608.433856016163,4832.925960425863,858.0798316692442,1435.621996016156,931.2456242810683,23529.64002269369,903.8076392837945,77.53738468178159,31.34676202241694,100.01998952767647,356.99762593577645,1514.6866706507406,167.1692505765733,1676.812278392245,7521.562344276042,2508.6226599721167,1166.1560240139868,2141.9112109395196,901.059710979804,811.3106834461339,1329.2480985981667,9659.68318756654,1531.1867918990688,1062.4991282079009,1933.2900321607394,695.2305725799449,29314.623329231927,1608.187323030398,1445.2498340840816,2092.9996579802682,4451.498583848105,8977.79957196123,1556.6405879885617,4105.9853231217785,942.6751513339436,147.32379183716967,1532.8686617997698,4036.709276452616,15571.502054351988,2.33298653e-316
1500.0,46662.72150804151,44766.56062529114,10302.183432258784,26007.187027313386,10900.307719605122,9620.309771605658,9789.684675685197,3267.6246178390957,13574.059924357744,1119.4988713209789,3263.8741197330987,1746.1240313858727,5517.545331426975,32669.684594853185,4847.053080850482,867.9620628530561,1451.006133412702,932.8090117509677,23600.89290375152,905.4336311992538,77.71992590348641,31.46569624797231,100.39730010719461,358.1369249026072,1515.4368546056462,168.11154916860818,1676.9998291480865,7521.56237810382,2511.4981807484955,1175.2869302146569,2156.2286484636084,901.8103084654665,811.936111497592,1330.1860419767418,9670.309026120485,1531.6244485591237,1063.0618179038959,1945.1068414140486,698.7969199968976,29473.377987580843,1608.3123622207027,1445.3123725658725,2093.312236676399,4454.123886875985,9012.802165852218,1652.1070611385496,4283.699820819115,945.3024388903411,159.59888922387574,1560.571349619109,4092.033297666569,15694.008351847211,2.30415903e-316
1550.0,47227.73107236443,44793.43603945992,10310.309219887471,26009.687132276395,10914.05863221764,9627.185308589102,9796.560240506093,3268.0622060128985,13581.560427872895,1119.8741261125886,3264.749321864349,1746.7492561611807,5543.173680095514,32719.060177650485,4858.742282400721,876.6555715096492,1464.5765841591895,934.0597103849027,23665.895550939225,906.7469135595366,77.86469282851233,31.562188587462472,100.69911745786294,359.06333117012207,1515.9369945950339,168.8966818987357,1677.0623683518616,7521.562403478437,2513.7485817104334,1182.7291101772637,2167.857565852029,902.3732759285937,812.3739292463272,1330.9988796817372,9679.059700624235,1531.9370746973084,1063.4369672257642,1954.7352563056695,701.7375130124269,29620.88229771233,1608.437394528453,1445.374901905599,2093.562297193338,4456.186623495408,9040.929206924806,1745.4479382755712,4450.600006944048,947.4292760734558,171.64828819428047,1585.8353814908796,4141.4810645187,15805.264004424882,2.27888604e-316
1600.0,47732.7396438294,44814.6863625994,10317.184857820957,26011.562213672114,10925.93437061397,9632.185744691245,9802.185689691849,3268.374772936978,13587.81083529729,1120.1868236562002,3265.4369772318973,1747.2494284621714,5563.551315196798,32759.685636188533,4868.306152647959,884.1605668289726,1476.5209794810319,935.0602628709971,23725.89799254618,907.7475321731234,77.98425125849879,31.640739482662976,100.95054704886714,359.8144338821139,1516.3746055971067,169.54356006098192,1677.187399693905,7521.562423640747,2515.4988925135453,1188.732832299117,2177.4231877384477,902.811142575798,812.7491747356859,1331.5616407181,9686.560242131143,1532.1871669435704,1063.7495829471384,1962.6129696011917,704.1774840716961,29757.761290607534,1608.4999178182277,1445.437425628897,2093.7498437801537,4457.811809473995,9063.430821833901,1836.2255174780362,4606.623386511341,949.180765269338,183.39676799925235,1608.9108480022837,4185.677694172924,15904.644062201205,2.25669014e-316
1650.0,48183.997321566865,44830.93661375537,10322.810373491102,26012.812276066423,10935.934968341806,9636.561088774142,9807.18604816327,3268.687325599451,13592.811159258918,1120.4369759769997,3265.9370963101533,1747.5620589009802,5579.803400512016,32792.81099759975,4876.244763648641,890.7897175792035,1487.089435721785,935.8732030345046,23781.52525224948,908.6230199746211,78.0786435110575,31.704571886485784,101.15168353308616,360.42155260110746,1516.6871934391852,170.08357698731817,1677.2499222084907,7521.562439211418,2516.8741323649324,1193.6733154184938,2185.23819389577,903.1864345057364,813.061864409266,1331.9993381657039,9692.185677985264,1532.3747439332521,1064.062172442252,1969.115139494864,706.2419575324008,29884.639991065244,1608.5624369585087,1445.4374413474466,2093.8748784604386,4459.124454923989,9080.932107463297,1924.002133244139,4751.894998827124,950.556975164315,194.77540565897021,1629.9853236093707,4225.310793369913,15994.648576299025,2.23716976e-316
1700.0,48587.7541945921,44843.43680919159,10327.185788103681,26014.062326069325,10944.060450477698,9639.686370185535,9810.936337052048,3268.8748645770124,13596.56142492762,1120.5620907455823,3266.374687635905,1747.8746615212203,5592.8050614178455,32819.68628329558,4882.74566814807,896.5431735248849,1496.3445617525224,936.4985525742258,23833.402347228308,909.3109116373496,78.15415678070899,31.7562591470513,101.31508319131106,360.91599094790223,1516.999759845297,170.5293439741615,1677.249938167904,7521.562451127344,2517.8743207698512,1197.738223948866,2191.6777155184373,903.4366610406851,813.2495070711394,1332.3119897616325,9697.186028596916,1532.4998006374235,1064.249745836459,1974.491880896366,707.9310432103056,30002.143423088826,1608.5624493524876,1445.499955961986,2093.999905829036,4460.124569750083,9095.30813409203,2008.4651592734765,4886.852402862118,951.6829662412767,205.7215682924009,1649.308871240114,4260.817965942462,16075.277600935251,2.2199768e-316
1750.0,48947.76034421615,44852.8119613177,10330.936124457843,26014.68736432855,10950.310840172524,9642.186592853399,9813.436568353454,3268.9998945065263,13599.68663660194,1120.6871815391987,3266.624758591686,1748.062238477734,5603.181394852487,32842.18651049007,4888.18390856261,901.6085528678062,1504.411463280713,936.9988331245722,23882.154294124917,909.811220550035,78.21707038036624,31.798358795238205,101.4533006101363,361.31653652917083,1517.1873117061148,170.89971443823742,1677.3124521145567,7521.562460752196,2518.686968965291,1201.1151817713728,2196.9293595921395,903.6243386682237,813.4371196352087,1332.5621054446826,9701.561312866828,1532.6248449301593,1064.3747991105545,1978.9307884759253,709.3698047822053,30110.89660364701,1608.6249618165937,1445.4999661037114,2094.062425880441,4460.937159603951,9106.558955370741,2089.4270105300857,5011.745676117412,952.558782541257,216.19141015355788,1667.0065533659892,4292.69930397386,16147.781179355563,2.20482116e-316
1800.0,49269.01584434556,44860.31207940345,10334.061391225647,26015.312394279186,10955.936153505372,9644.686774252086,9815.93675442981,3269.1249184907774,13602.18680689517,1120.812254200468,3266.874813776651,1748.2497993867062,5611.557472214861,32860.31169017157,4892.6845169050985,906.048461496589,1511.540232782225,937.4365608443802,23927.15611066142,910.2489711822479,78.26114651981717,31.83154112075944,101.56012358096541,361.6357210009442,1517.312351269209,171.19476034724914,1677.3124620618119,7521.562467728991,2519.3120838214263,1203.8042875385954,2201.36820345352,903.81198175207,813.5622050679475,1332.8121980999656,9704.686538679825,1532.6873785025573,1064.499842538272,1982.6194330673404,710.5583129458197,30212.14955424231,1608.624969227019,1445.499973220629,2094.1249419332025,4461.562231697176,9115.934620770946,2166.700126721089,5127.074907444959,953.3094502616458,226.1661239913193,1683.2034205859522,4321.267395122447,16213.409358193765,2.19144803e-316
1850.0,49555.89576162017,44865.93717118809,10335.936609921177,26015.937417497626,10960.936407706782,9645.936914812517,9817.811901887675,3269.18743580238,13604.061942997349,1120.8748077633554,3267.062355515683,1748.374846090511,5618.370848285123,32874.68683403137,4896.372518491318,909.9254737842166,1517.7934548071491,937.7492417700321,23970.282807541887,910.6241745537202,78.30516711397902,31.858963242947556,101.64183039563278,361.89856881725376,1517.437383090088,171.4457971154377,1677.374971298029,7521.562473370362,2519.8121738197506,1206.118112135592,2204.9943129236804,903.9370928484881,813.6247684754001,1332.937266740643,9707.186724514522,1532.7499054520258,1064.5623736641055,1985.6203681941392,711.4966212823051,30305.27728822836,1608.6874776101088,1445.4999789212895,2094.1874544058837,4462.062287909783,9123.435154919176,2240.221984087862,5233.340191868847,953.8725046589218,235.62692887546473,1698.1495190729377,4346.959822441189,16271.537177504055,2.1796425e-316
1900.0,49812.15015497121,44870.31224232516,10337.811783731227,26015.93743482767,10964.686611117215,9647.812033703869,9819.687018216791,3269.2499497889326,13605.937053801592,1120.937351473574,3267.187388914466,1748.4373798816418,5623.809065260376,32886.56194779685,4899.435433009584,913.3646645334129,1523.2337024867961,938.0618915751651,24010.284397303018,910.8743337257501,78.33037576605484,31.880655046981353,101.7109493200135,362.1050962531974,1517.5624092166122,171.6466272176998,1677.3749761515776,7521.56247737151,2520.1872454518802,1207.9317139379511,2207.995230144363,903.9996776735026,813.7498241522846,1333.0623207760689,9709.061870233436,1532.812426460002,1064.687403291319,1988.1211354227478,712.3097724629351,30392.154823203622,1608.6874825353468,1445.4999834420837,2094.1874636689595,4462.499831935156,9129.060592359263,2310.0550809020506,5331.0416292869595,954.3729576310142,244.5550767196031,1711.7824009705635,4370.026657017353,16324.664676163295,2.16921e-316
1950.0,50040.279080620174,44874.062299077894,10339.686923043633,26016.562449695728,10967.811774751459,9648.437122688165,9820.937113587308,3269.312460208594,13607.187141644079,1120.9998857053952,3267.249913576584,1748.4999074293821,5628.247155339169,32896.56203979684,4901.998277741992,916.3660866719814,1527.9860463871807,938.249508239205,24049.035889262646,911.0619620269508,78.35554844258601,31.897885370655956,101.76749667706923,362.2678188554265,1517.6249281876617,171.8097911405266,1677.3749805069579,7521.562481760294,2520.437299780485,1209.4951351925156,2210.49599336804,904.1247501093651,813.8123643718864,1333.1248606690342,9710.936990541146,1532.8749409082855,1064.6874208633596,1990.2467705917375,712.9352925252368,30472.15717055093,1608.6874864421445,1445.4999871681664,2094.2499718530366,4462.8123668790795,9133.435944347368,2376.1994362587625,5420.804319911294,954.7483322706812,252.96308662054747,1724.2896101797094,4390.780468574191,16372.166891692967,2.15998944e-316
2000.0,50244.65758692687,44876.562341425844,10340.312035778945,26016.562460512083,10970.311910102308,9649.687199836197,9821.562191501154,3269.3749692162505,13608.437210233513,1120.9999104363037,3267.312432458361,1748.5624289675961,5631.8101415433775,32904.06211416579,4904.123563251235,918.9297860540614,1532.1755413309284,938.4371047064086,24085.287292261524,911.2495676193812,78.37443671257878,31.911298416028753,101.81148637889493,362.40549701091237,1517.687443424349,171.9415721444124,1677.374984752376,7521.562484277956,2520.687344168094,1210.7459057095875,2212.559131574093,904.1873002547641,813.8123916502802,1333.1873920407652,9712.18708861999,1532.8749551206442,1064.7499377055174,1991.9347967462843,713.4982100963359,30546.534344301064,1608.68748981344,1445.562492967053,2094.249976374011,4463.062394584463,9137.186233150203,2438.7175856850745,5503.06586175654,954.9986407171068,260.8447458312462,1735.7961894738166,4409.408819250749,16414.668854188134,2.1518363e-316
2050.0,50426.5357176611,44878.437375602654,10341.562128813182,26016.562468464985,10972.812014419602,9650.312258818789,9822.812251108102,3269.3749750017587,13609.062269821137,1121.0624321993753,3267.374947746926,1748.6249467746468,5634.748045084122,32910.93717250059,4905.873800580621,921.2433006966884,1535.8022368501674,938.5621809049973,24119.663613764307,911.3746507349283,78.39330115764317,31.92278010256505,101.84918105232236,362.5118914534208,1517.749956230468,172.04824749521438,1677.3749871797897,7521.562486080733,2520.8748790060286,1211.8090550643958,2214.247167901841,904.187343597812,813.874918089446,1333.2499172814573,9713.437167048589,1532.874963365376,1064.812452530556,1993.372735082454,713.9360491483204,30615.911355499302,1608.6874919207287,1445.562494886755,2094.2499811334083,4463.249915948484,9140.311468423279,2497.7345763048343,5578.388848348389,955.2488946950159,268.2251052967154,1746.3646892761226,4426.224264164513,16452.795596412994,2.14462355e-316
2100.0,50589.03851368926,44879.68740189852,10342.187200614677,26016.562474970815,10974.68710138942,9650.937306564794,9823.437299861307,3269.437480842858,13609.687314374189,1121.0624473507012,3267.4374597979267,1748.6249581805432,5637.123379993459,32915.93721997813,4907.311498558844,923.2441639938155,1538.9286804845124,938.6247406436001,24152.164859576053,911.4997202185448,78.39963559485182,31.93109156987388,101.87433480268085,362.593258516747,1517.7499638750078,172.1360900432932,1677.3749890567478,7521.562487614549,2520.999905675169,1212.6846034903747,2215.6851179167434,904.249878478465,813.8749343024526,1333.312437682934,9714.687227397777,1532.9374732101332,1064.8124605926532,1994.560599812139,714.3113196684192,30679.038216508823,1608.6874935159556,1445.56249644141,2094.3124858080546,4463.3749328344475,9142.81166059162,2553.375464136108,5647.273370659563,955.4366025742389,275.1167256989603,1755.995150429394,4441.289352090092,16487.79714004345,2.1382408e-316
2150.0,50734.041009267865,44880.937422595576,10342.812259059177,26017.187481635563,10975.937173178672,9650.937342104688,9823.437339863041,3269.4374846914866,13610.312351682493,1121.0624590829186,3267.437468474932,1748.6874695412444,5638.998658496909,32920.31225925987,4908.561663445018,924.994894136943,1541.742409211775,938.749792993811,24183.416036041064,911.5622731037068,78.41221071283746,31.938118304815607,101.89946320374582,362.66210112705704,1517.749970028339,172.20511552101854,1677.374990448579,7522.187494630724,2521.0624253619453,1213.3725643819625,2216.810496830114,904.2499034466651,813.8749474122341,1333.3124511848075,9715.312280657556,1532.937478525917,1064.812467046908,1995.5609062931167,714.6240376481054,30738.41493767804,1608.6874949012265,1445.5624976185159,2094.312488573446,4463.4999470491675,9144.686816588013,2605.827810247315,5710.219515559138,955.6242736505774,281.53842393747505,1764.8751140190232,4454.91663017052,16519.048511881945,2.132593e-316
2200.0,50864.04323556276,44882.18743922542,10343.43730681356,26017.187485200953,10977.18722953659,9651.562374430077,9824.062372459215,3269.4374877377345,13610.312379060293,1121.0624678767565,3267.4999761441377,1748.6874763704393,5640.561388840941,32924.062292073344,4909.561801660068,926.5580187784263,1544.1184506076293,938.8123334334895,24212.792149871897,911.6873215692074,78.4185181444838,31.943866595328064,101.91831598699173,362.7121769415375,1517.8124776235268,172.26158455396487,1677.437494543984,7522.18749547299,2521.1874432033183,1213.9979567115518,2217.810816879383,904.249922526304,813.9374628603218,1333.3749649520462,9715.937321697633,1532.9374828421176,1064.874975994769,1996.3736621152368,714.8742137998739,30792.791528991067,1608.6874966186274,1445.562499204253,2094.3124903099183,4463.5624569305055,9146.56194244716,2655.1541802864917,5767.664859934946,955.7494130108084,287.51527216519287,1773.004624531485,4467.231135053294,16547.174733828455,2.1275957e-316
2250.0,50980.29522334517,44882.81245173701,10343.437342287756,26017.187488683507,10978.43727730061,9651.562397213265,9824.062396137311,3269.4374896360437,13610.937404057622,1121.1249784366462,3267.4999813232307,1748.6874817596724,5641.811581385892,32926.56231907647,4910.374416829443,927.8710522800397,1546.2443396280437,938.8748667973329,24241.54320228032,911.6873531309127,78.42481529750009,31.947715281133274,101.93089753862897,362.7559886532403,1517.8124811444955,172.31176003498882,1677.4374954724412,7522.187496308199,2521.187455469306,1214.4357845749098,2218.623586101965,904.3124418504584,813.9374703353162,1333.3749732658412,9716.562355460845,1532.9374857916998,1064.8749808614818,1997.061376885236,715.0618547740935,30842.792998149693,1608.6874973868933,1445.562500042882,2094.3124916988845,4463.6249656819955,9147.187045862427,2701.604636811392,5820.109480290342,955.8120236592838,293.0660909116811,1780.5087221569866,4478.295403669775,16573.425820053406,2.1231705e-316
2300.0,51084.04699640447,44883.437462082125,10344.06237410644,26017.187490820947,10979.687313114908,9652.18742022276,9824.687418591238,3269.437491146048,13610.937421720972,1121.1249840712253,3267.4999848185416,1748.6874861977929,5642.874241188747,32929.06234015192,4911.062012362632,929.0590087452472,1548.1200978965867,938.8748905597229,24268.419201296856,911.7498831707527,78.43110431716704,31.951545557185177,101.94346532926298,362.787287844008,1517.8124851450239,172.34315263782452,1677.4374962197846,7522.187496788406,2521.2499658889933,1214.8735657108098,2219.248811580959,904.3124534719664,813.9374763697696,1333.3749794351943,9716.562379726804,1532.9374894135135,1064.8749837423672,1997.5615580495848,715.2494723133506,30889.66935612918,1608.6874981084625,1445.5625007203696,2094.312492724952,4463.687472448719,9148.437132467187,2745.304244280391,5867.928442555937,955.8746144808066,298.2222024385534,1787.3874421691323,4488.359465063073,16596.55179261968,2.1192505e-316
2350.0,51177.17357940282,44883.437469320736,10344.06239685149,26017.18749307493,10980.312342652334,9652.187434789095,9824.687433298614,3269.437492385982,13611.56243858186,1121.1249885655257,3267.562490085368,1748.6874897616335,5643.686872818163,32930.93735987517,4911.687092186998,930.1219019388359,1549.745742728046,938.9374128119039,24294.045147575463,911.812408401363,78.43113150360305,31.954111246857806,101.9497679046944,362.81232775067167,1517.8124872698972,172.3745170955404,1677.4374968706952,7522.1874973105405,2521.3124741071256,1215.1862997517874,2219.811502892808,904.3124636457552,813.9374813289435,1333.3749837190792,9717.187402812397,1532.9374911639252,1064.8749867237502,1998.0617080815632,715.3745711432701,30932.17061020739,1608.6874986787939,1445.5625011924594,2094.3124941093483,4463.749978146715,9149.06220029607,2786.378066293236,5911.496810858453,955.9371895709374,303.00867664147466,1793.6408236482666,4497.423346662067,16617.802659275283,2.11578e-316
2400.0,51260.29999206606,44884.06247555426,10344.68741955631,26017.187494453334,10980.937371480213,9652.187446288144,9824.687445500602,3269.499995032338,13611.56245034489,1121.124992306958,3267.5624922742304,1748.6874926832854,5644.311982609323,32932.187374740395,4912.124659521695,931.0597366177691,1551.1837941056565,938.9374284488613,24318.42104579161,911.8124253001802,78.43740788685955,31.956037894992132,101.95606160509698,362.8311096559509,1517.8124889589844,172.3996090519175,1677.437497320683,7522.18749770295,2521.3124800867313,1215.4364973280274,2220.249165771964,904.3124706715972,813.937486036422,1333.3749883948917,9717.187418712025,1532.9374926696255,1064.8749885011655,1998.436836066469,715.4371427890403,30972.171767306914,1608.6874991153704,1445.5625015997082,2094.312494882623,4463.749981529147,9149.687255670677,2825.076158292322,5951.189641864345,955.9997510718415,307.44433324151925,1799.4563975280953,4505.674572055354,16637.178439706535,2.11270514e-316
2450.0,51335.301254636375,44884.06247991513,10344.687434090474,26017.18749538342,10981.562389245679,9652.187455719457,9825.312455135307,3269.499995854727,13611.562458811082,1121.1249947143624,3267.562493975636,1748.7499967825665,5644.874573029549,32934.06238803938,4912.562214333884,931.8725282931581,1552.4342643128145,938.9374408422321,24341.54690000442,911.8124387671054,78.43742628249392,31.957330042011588,101.96234783318947,362.8498865848883,1517.8749929615542,172.4184330234197,1677.4374976469153,7522.187498043443,2521.312485161721,1215.6241621947631,2220.624301214265,904.3124764871724,813.937488536038,1333.3749910180866,9717.812435466885,1532.9374937903724,1064.874989939675,1998.7494422621548,715.5622074892985,31009.04783667989,1608.6874994318453,1445.5625018924777,2094.3124955048834,4463.812485699565,9150.312302324814,2861.523576830236,5987.381986571588,955.9997979483092,311.5604840390867,1804.8341968415214,4513.113162318074,16654.679140448112,2.10998017e-316
2500.0,51402.17738097896,44884.06248416805,10344.687446119671,26017.18749634513,10981.562406017536,9652.812467565647,9825.312466428788,3269.4999964491817,13611.562466350058,1121.1249965606519,3267.562495253368,1748.7499982783697,5645.3121480194095,32934.687399392285,4912.937261746952,932.5602841482098,1553.4971685971398,938.9999554827128,24364.047709757997,911.8749543814808,78.43744041269572,31.95861398107796,101.96862833568825,362.86240791551523,1517.8749945448799,172.43099114534152,1677.4374979853685,7522.187498216758,2521.3749896311074,1215.8118023666073,2220.9369150789753,904.3124804271886,813.9374913484224,1333.3749937422538,9717.812445525671,1532.9374953161855,1064.8749911447653,1998.9995342709208,715.6247574745211,31042.798823775112,1608.6874997633843,1445.5625021428293,2094.3124958670855,4463.812488488069,9150.937339782806,2895.8453723387897,6020.323893537601,956.0623395768292,315.37594260938926,1809.7742519560231,4519.926632769796,16670.92977349445,2.10756265e-316
2550.0,51462.803387753076,44884.062487175404,10344.687454891246,26017.187496935614,10982.18742186984,9652.812473495982,9825.312473126394,3269.4999968377,13611.562472096613,1121.1249980994994,3267.562496970628,1748.7499993332528,5645.687210261507,32935.93740869036,4913.187299797784,933.1855028929373,1554.4350132939671,938.9999630080904,24385.298479590874,911.8749631763599,78.43745232271169,31.959892967939673,101.96864962112045,362.87492401272925,1517.8749955013884,172.44353910359973,1677.4374981589747,7522.187498419271,2521.374992678291,1215.9369190986918,2221.187010059942,904.3124849200079,813.9374930383503,1333.4374982581755,9717.812453901566,1532.9374960917514,1064.874992651289,1999.1871084670365,715.6872992363329,31074.049735630913,1608.7500024234625,1445.5625023587197,2094.312496234778,4463.812490210798,9150.937367562687,2928.1665951546743,6050.327904144102,956.0623698460494,318.91576379518295,1814.276585116306,4526.177501612246,16685.93034682904,2.1054199e-316
2600.0,51517.17928725723,44884.68749058422,10344.687462716336,26017.187497429466,10982.812431687635,9652.812478341617,9825.312478115397,3269.4999972869546,13611.562476769615,1121.124999883824,3267.562497791114,1748.7500007988676,5645.937261481855,32936.56241753879,4913.437332093744,933.7481944138862,1555.3103110602967,938.9999700031568,24405.299212461672,911.874970065429,78.44371660335375,31.960540309829256,101.97492075932934,362.881189390547,1517.8749961078136,172.45607859678933,1677.437498362452,7522.187498532015,2521.374994618125,1216.0620175396368,2221.3745895507304,904.3124874940617,813.9374942809537,1333.4374995093015,9717.81246430736,1532.9374966415305,1064.8749932981514,1999.3746726543404,715.7498334815987,31102.800577197133,1608.7500026228815,1445.5625025460631,2094.3124964936146,4463.812492354239,9151.562394536146,2958.6122844197444,6077.58155673003,956.1248986532014,322.1987507940555,1818.5287232856078,4531.803279093937,16699.68086613614,2.10351937e-316
2650.0,51565.93009176253,44884.68749203551,10344.687468670483,26017.187497847925,10982.81244247153,9652.812482417434,9825.312482209798,3269.4999975596875,13611.562480682269,1121.1250007672857,3267.5624984328188,1748.7500014581453,5646.187302979196,32937.18742521462,4913.687358994429,934.2483616235489,1556.06056638497,938.9999750441629,24424.674908586592,911.8749756988179,78.44372373742517,31.961183675087856,101.97493534015092,362.88745043776123,1517.8749966944963,172.46235888722848,1677.437498539288,7522.187498685646,2521.374996698213,1216.1871008205628,2221.5621576276353,904.3124901584671,813.9374953659762,1333.4375005325714,9717.812470233896,1532.9374970477677,1064.8749939194524,1999.49972529956,715.7498626368744,31129.676354653922,1608.7500027350593,1445.562502648257,2094.3124967151216,4463.874993396878,9151.56241238263,2987.3699836874694,6102.459887593542,956.1249193400723,325.24370247070016,1822.405688336614,4537.053979531376,16712.18133794568,2.1018324e-316
2700.0,51610.305810344966,44884.68749326754,10344.687474100327,26017.187498143387,10982.812449209227,9652.812485201865,9825.31248494867,3269.4999977909365,13612.187486179486,1121.1250015311884,3267.562498983305,1748.750002085482,5646.374837348081,32937.81243053429,4913.874881563513,934.6860081851854,1556.748287397388,938.9999800554,24443.425569930812,911.8749810109404,78.44372973263154,31.96182438982013,101.97494711487795,362.88745884450617,1517.874997091675,172.4686338699939,1677.4374986327591,7522.187498759488,2521.374997904556,1216.2496688376993,2221.6872131202135,904.3124917218038,813.9374967637203,1333.4375019258205,9718.437474639826,1532.9374975135283,1064.8749944080864,1999.6247695166742,715.8123818549867,31154.052073595485,1608.7500028885559,1445.5625027312153,2094.312496844714,4463.874994934944,9151.562427363573,3014.4397243565463,6125.087927171909,956.1249348491764,328.0756618431337,1826.0324956692423,4541.804609968374,16724.056767009668,2.1003344e-316
2750.0,51649.681454517726,44884.68749482511,10345.31248190917,26017.187498454125,10983.437458452623,9652.812488025433,9825.31248728988,3269.499997989977,13612.187488977344,1121.125002014384,3267.562499397758,1748.7500025119448,5646.5623662396165,32937.81243648393,4913.999899087604,935.123639298032,1557.3109768416687,938.9999830003612,24460.926199586534,911.8749847860024,78.44373521118936,31.961835398573115,101.974956419289,362.89371635764996,1517.8749974369607,172.47490508729678,1677.4374987719189,7522.187498819383,2521.3749988985955,1216.3122252302405,2221.8122600380484,904.3124930407287,813.937497498417,1333.4375026530179,9718.437477686568,1532.9374978644205,1064.8749948386376,1999.7498076024392,715.8124035159403,31177.177737158265,1608.7500029629557,1445.5625028631139,2094.312497011562,4463.874995555647,9151.562439270585,3040.009044027361,6145.715702728269,956.1249484382821,330.7071713798996,1829.4091664470486,4546.180180021338,16734.68216081097,2.09900173e-316
2800.0,51685.9320303573,44884.68749555329,10345.312484710052,26017.187498603256,10983.437462818987,9652.812490393375,9825.312490360897,3269.4999981002084,13612.18749126166,1121.125002485665,3267.562499755005,1748.750002879115,5646.687389128797,32938.437442169496,4914.124915073764,935.4362502163032,1557.811143850024,938.9999860772332,24477.176799376073,911.8749880404365,78.44373927086053,31.962470806397736,101.98121753688791,362.89372181867355,1517.8749978027088,172.474919758524,1677.4374988342097,7522.187498868051,2521.3749996485776,1216.3747702443886,2221.937300324644,904.3124941511169,813.9374980903216,1333.4375031102302,9718.4374808309,1532.9374981096792,1064.8749951616232,1999.8123378026753,715.8749172612189,31198.428352066127,1608.7500030245228,1445.5625029191135,2094.312497097293,4463.874996217792,9151.56245359447,3064.202968409925,6164.530741483405,956.1249579832851,333.15076789684133,1832.535712778211,4550.243198319653,16744.68252179953,2.0978193e-316
2850.0,51718.43254762381,44884.68749616818,10345.312486924902,26017.187498722702,10983.437465885349,9652.812491856721,9825.312491839743,3269.499998251732,13612.187492583651,1121.1250027743056,3267.56249994217,1748.7500031364307,5646.749908779127,32938.437445626165,4914.2499281733635,935.7488550714381,1558.3112856326168,938.9999879690944,24493.427370689493,911.8749902763319,78.44374274312263,31.962478456373862,101.9812241864861,362.8999779845323,1517.8749980086334,172.48118359836133,1677.4374988853624,7522.187498969963,2521.375000927485,1216.374810627934,2221.999831994844,904.3124955198895,813.9374984917041,1333.4375035021308,9718.437483513731,1532.9374982585405,1064.8749953850322,1999.8748640673987,715.8749325196284,31217.80392093014,1608.7500030746635,1445.5625029642047,2094.3124972293645,4463.874996562342,9152.187460846772,3087.0215275019223,6181.658064141379,956.1249671091906,335.4314839445789,1835.4746481856346,4553.993669379785,16754.057854318973,2.0967646e-316
2900.0,51747.808010381814,44884.68749675429,10345.312489930497,26017.187498881132,10984.062469091808,9652.812493020792,9825.312493017587,3269.4999983242183,13612.187493671086,1121.1250031418094,3267.562500217292,1748.7500033554481,5646.812424386629,32939.06245062581,4914.374939632411,936.0614425138042,1558.7489110435724,938.9999902840815,24508.42791241088,911.8749926679318,78.44374500389478,31.962484996974847,101.98122984590864,362.89998184084754,1517.874998188046,172.48119395496025,1677.437498927233,7522.187499002239,2521.3750014415637,1216.4373451857766,2222.0623594281615,904.312496169109,813.9374988413866,1333.4375038421606,9718.437485786473,1532.937498379589,1064.8749955769952,1999.9373858866202,715.8749420696645,31235.929446754435,1608.7500031146515,1445.5625030024535,2094.312497286051,4463.874996914463,9152.187467483487,3108.527243432648,6197.285192738132,956.1249735811966,337.5493504406783,1838.225987530964,4557.494099084134,16762.18316120753,2.09582686e-316
2950.0,51774.05842722844,44884.687497141516,10345.312491342893,26017.187498957835,10984.062475425882,9652.812493982508,9825.312493991787,3269.499998382353,13612.18749462196,1121.1250033480533,3267.5625003373325,1748.7500035436444,5646.937437188907,32939.06245350744,4914.43744769766,936.3115256582144,1559.0615203115385,938.999991500516,24522.803428970437,911.8749940706663,78.44374754193592,31.96311623758096,101.98123341687035,362.8999844696728,1517.8749983458117,172.48745360555432,1677.4374989606977,7522.187499028186,2521.375001769043,1216.437370060597,2222.12488260421,904.3124966810213,813.9374991487277,1333.437504077303,9718.437491148603,1532.9374985404845,1064.8749956839183,1999.999903630147,715.8749489144429,31252.179932994077,1608.7500032109922,1445.5625030952613,2094.3124973322824,4463.874997223178,9152.18747234714,3128.90764031584,6211.537145134037,956.1249795007932,339.52939454163857,1840.7897384914572,4560.681992341501,16770.308441839028,2.0949894e-316
3000.0,51798.433799719576,44884.68749809391,10345.31249251795,26017.187499082498,10984.062477254254,9652.812495331798,9825.312494727243,3269.4999984299075,13612.187495899558,1121.125003463434,3267.5625004978424,1748.7500036458393,5646.99994794841,32939.0624562223,4914.562455409808,936.5615982194722,1559.436615023197,938.9999926454719,24535.928920238013,911.8749952674706,78.44374902488721,31.96312037673873,101.9812369734525,362.89998717399993,1517.8749984230724,172.4874604253881,1677.437499051471,7522.187499050305,2521.375002172525,1216.4373912342726,2222.1874015020103,904.312497130593,813.9374993596045,1333.4375042790807,9718.43749222105,1532.9374986210569,1064.8749958325147,1999.9999196806561,715.9374545623231,31267.805384555988,1608.7500032382295,1445.5625031208385,2094.3124973702984,4463.874997560056,9152.18747643658,3148.162737260336,6224.538936641706,956.1249839368566,341.37164294044646,1843.1659094494096,4563.682352896954,16777.808703026676,2.0942445e-316
3050.0,51820.30913565401,44884.68749837303,10345.312493488382,26017.187499132553,10984.0624787329,9652.812495965125,9825.312496121074,3269.4999984685273,13612.187496525616,1121.125003681148,3267.5625005767233,1748.7500037904454,5646.999956687866,32939.68746059584,4914.624961918157,936.811660456135,1559.7491991528946,938.9999934963862,24549.05438704254,911.8749962215225,78.44375029927194,31.963123248507397,101.98124007505744,362.9062400144539,1517.8749985474583,172.48746552122498,1677.4374990739962,7522.187499067318,2521.375002409609,1216.4999119291763,2222.187417979172,904.3124975939413,813.937499542713,1333.4375044550245,9718.437493112398,1532.9374986861117,1064.874995902887,2000.0624339440435,715.9374594940101,31282.180803355797,1608.750003260802,1445.5625031421062,2094.3124974632915,4463.874997742856,9152.187479290742,3166.3550532600716,6236.415583161733,956.1249869945258,343.0948654248795,1845.4170099580513,4566.495184900867,16785.308947239864,2.0935767e-316
3100.0,51839.68443873505,44884.68749855041,10345.312494220629,26017.187499173197,10984.062481201212,9652.812496462793,9825.312496565135,3269.4999985627674,13612.187497017167,1121.125003754922,3267.5625006401724,1748.7500038573526,5647.062463513535,32939.687462954906,4914.687467050329,936.9992182835272,1559.9992728438779,938.9999941349007,24561.55483217677,911.8749969560205,78.44375120377022,31.963126225469537,101.98124202020765,362.9062421173144,1517.874998598582,172.48746907391276,1677.4374990924473,7522.187499081352,2521.3750026148628,1216.4999266633067,2222.249931783548,904.3124978295081,813.9374997030019,1333.437504546206,9718.437493908206,1532.9374987389856,1064.8749960223222,2000.1249432113755,715.9374690116007,31295.306192722703,1608.7500032791688,1445.562503158989,2094.3124974886664,4463.8749978405485,9152.187482114816,3183.5471035526784,6247.2295978552465,956.1249901351483,344.7053345394971,1847.6055467956442,4569.057990852445,16791.55917168529,2.09298203e-316
3150.0,51857.80971141507,44884.68749875737,10345.312495485636,26017.1874992054,10984.062482246607,9652.812496838516,9825.312496949002,3269.499998588239,13612.187497325864,1121.1250038142211,3267.5625006914993,1748.7500039116574,5647.124969327615,32939.68746512128,4914.749970945126,937.1867711434697,1560.2493381824659,938.9999953279511,24572.805255272444,911.8749981756984,78.44375201121413,31.963128107511196,101.98124372428784,362.9062432773471,1517.874998640213,172.49372273612204,1677.4374991078598,7522.187499093453,2521.3750027305455,1216.4999386694947,2222.3124421157204,904.3124979699229,813.9374997832066,1333.437504682779,9718.437495063175,1532.9374988451425,1064.8749960695345,2000.1249536667847,715.9374725090743,31307.80655257546,1608.7500032937912,1445.5625031723991,2094.312497509554,4463.874997982687,9152.18748466249,3199.801405797169,6257.168489934389,956.1249928630469,346.21556718134616,1849.6065241183856,4571.495774202974,16797.809381645515,2.0924469e-316
3200.0,51874.059956236924,44884.68749887702,10345.312495989063,26017.187499232503,10984.687483262203,9652.812497104323,9825.312497283856,3269.4999986091957,13612.187497587878,1121.1250038628605,3267.562500733657,1748.7500039551142,5647.124973676287,32939.68746666501,4914.812474855565,937.3743208701827,1560.4368970268406,938.9999958371574,24584.055657679233,911.8749986457615,78.44375330304622,31.96313037152781,101.98124565570375,362.90624420689363,1517.874998674002,172.49372798662094,1677.4374991205732,7522.187499102595,2521.375002887499,1216.4999484204093,2222.312451416791,904.3124981474512,813.9374998486418,1333.4375047429946,9718.437495531174,1532.937498880579,1064.8749961080655,2000.1249599704115,715.9374755068588,31319.056888679806,1608.7500033062727,1445.5625031839095,2094.312497526252,4463.874998046384,9152.187486737446,3215.2429735956716,6265.919778739719,956.1249951093472,347.62557976217835,1851.4824467743908,4573.8085358073195,16803.43457661602,2.09196935e-316
3250.0,51889.06017729525,44884.68749897449,10345.312496308221,26017.187499253385,10984.68748750716,9652.81249733181,9825.312497705498,3269.499998626667,13612.187497811754,1121.1250039020822,3267.5625008300794,1748.7500039910385,5647.12497803798,32940.31246977881,4914.874977835146,937.4993664374863,1560.6869479025365,938.9999962370191,24594.056041170214,911.8749991881834,78.44375390510884,31.96313167579599,101.98124671695138,362.90624498627585,1517.8749987013182,172.49373051798236,1677.4374991314812,7522.187499110805,2521.375002964348,1216.4999566020722,2222.3124591269366,904.3124983034065,813.9374999642451,1333.4375047918543,9718.437495884253,1532.9374989097814,1064.8749961386875,2000.1874651812848,715.937477424567,31329.057198750605,1608.7500033162999,1445.5625031937357,2094.312497539736,4463.874998161375,9152.18748800763,3229.746819890778,6274.670962193247,956.1249963559085,348.9478874354227,1853.2958228772272,4575.933778425845,16809.059757446867,2.09154183e-316
3300.0,51902.8103787616,44884.687499054504,10345.312496578536,26017.187499271033,10984.687488757965,9652.812497715544,9825.312497906298,3269.4999986403445,13612.187498193494,1121.1250039957179,3267.562500857578,1748.7500040824725,5647.187480608513,32940.31247165766,4914.93748098851,937.6244054408339,1560.8119940755657,939.0625006993608,24604.056404380957,911.8749995019613,78.44375432884512,31.963132734269376,101.98124761692583,362.90624575770846,1517.8749987865247,172.49373203126672,1677.4374991395996,7522.187499117094,2521.3750030899296,1216.4999634932515,2222.3749645626062,904.3124984420401,813.9375000080648,1333.4375048308837,9718.437496320774,1532.9374989326823,1064.874996164048,2000.1874716551479,715.9374796773168,31339.057489418774,1608.7500033246388,1445.562503201394,2094.312497551466,4463.874998203386,9152.187488881467,3243.500457472948,6282.17205614605,956.1249974509863,350.18875346299427,1854.984152260357,4577.934005172145,16814.05992898142,2.09115696e-316
