0.0025,0.03644194944525566,2.8788775490572256e-07,5.994692129275335e-07,2.3161512643974337e-08,8.534091449541003e-07,4.534612249010371e-09,2.4606940083826467e-08,1.2341802654684613e-12,9.551412714820015e-13,1.2865893173127843e-12,1.4998727058445866e-11,1.424903533574931e-12,5.451183699561427e-12,1.3725422998924147e-11,5.883201773294346e-09,-2.4861077342263537e-11,4.685089084118748e-12,2.0548648045131473e-11,-3.301014979779611e-11,4.661153146506919e-12,2.2776109340853698e-11,1.956795519476369e-12
0.005,0.07020650856634128,2.0906747578942105e-06,1.1519426171520265e-05,1.244312903435562e-07,1.0684534392197073e-05,2.548343425859322e-08,1.354414476190117e-07,2.419887274413682e-12,2.1829058374480614e-12,4.3363981684925836e-12,8.384273613490912e-11,5.580842741382803e-12,2.4255561557930986e-11,7.660329623666705e-11,4.364551602248286e-08,-3.4601749441862435e-10,-3.1391771339266383e-10,2.2254732461119132e-10,-4.994731737310128e-10,5.360767897200217e-11,2.455836004433632e-10,1.0060665519815877e-11
0.0075,0.1041116716461871,7.149210296572006e-06,4.024452326356515e-05,3.994787285825812e-07,3.6307548777481705e-05,8.50241356416147e-08,4.436178772025182e-07,3.753731361827397e-12,3.738219621372407e-12,1.539813607840254e-11,3.05688994992168e-10,2.175917087390554e-11,6.741883348482554e-11,2.811982582943029e-10,1.8161774105882143e-07,-1.788322991974938e-09,-1.894210272808683e-09,1.1780369691778666e-09,-2.497601974395993e-09,2.7012472867462254e-10,1.2955330680356731e-09,4.3198018499675235e-11
0.01,0.1380486193530081,1.866472114383948e-05,0.00010654592504660072,9.951598869503203e-07,9.423001793741525e-05,2.1841292381325594e-07,1.122698731197433e-06,6.270002774731756e-12,6.083643796214976e-12,5.350937016655642e-11,9.145430624248617e-10,7.673767610969056e-11,1.5163411936437312e-10,8.523885016940687e-10,5.589448956758395e-07,-6.068039632173247e-09,-6.3569588188770064e-09,4.3771790715885935e-09,-7.968735783239417e-09,9.304809963625144e-10,4.795478573673088e-09,1.770642697262553e-10
0.0125,0.1719316831152146,4.1107705017339035e-05,0.0002364309747584246,2.120907407142322e-06,0.0002060672300189406,4.765338072612507e-07,2.4219650108040085e-06,1.3319606783011466e-11,1.0582645793874252e-11,1.6552179025365995e-10,2.40965640948222e-09,2.347522342190115e-10,3.06988442911078e-10,2.282785004843184e-09,1.4172645133722145e-06,-1.6084772411738985e-08,-1.5556578862763196e-08,1.3061005321953859e-08,-1.9442330761520497e-08,2.556105591933308e-09,1.4246283389210992e-08,6.414601494675819e-10
0.015,0.20567174718273992,8.037355337283818e-05,0.0004632163568662541,4.062803238878405e-06,0.0003993536431001847,9.283422904805999e-07,4.681883694750647e-06,3.3334688298971826e-11,2.046798853090619e-11,4.5296497804024603e-10,5.756541221467372e-09,6.315292890666062e-10,5.915871366138375e-10,5.547568328161574e-09,3.1321842892552397e-06,-3.608558554284601e-08,-3.040768602224175e-08,3.3462674914502253e-08,-3.917631769813946e-08,6.0320059705505886e-09,3.632045931912707e-08,2.0052435529590057e-09
0.0175,0.23917395169644853,0.00014378354224088582,0.0008265538146703182,7.201070948720096e-06,0.0007067379790317115,1.6634006333316213e-06,8.352523297398343e-06,8.518989256702225e-11,4.219541935038364e-11,1.1147631945026122e-09,1.2673002570469286e-08,1.5274459786016824e-09,1.115298400105845e-09,1.2418105987379844e-08,6.241464310726704e-06,-7.162785294504729e-08,-4.878704675616669e-08,7.652309784868848e-08,-6.753365841822537e-08,1.2756646678375862e-08,8.262219340968e-08,5.485764970494189e-09
0.02,0.2723387885985313,0.00024000715242216328,0.0013708666069842327,1.2031661539226528e-05,0.0011648217088538835,2.7946934127122754e-06,1.4016471508444072e-05,2.0875171072312385e-10,8.787517203823433e-11,2.510792631232811e-09,2.6012429258784026e-08,3.3848188316176673e-09,2.074970215469287e-09,2.589283595060525e-08,1.1467670195389088e-05,-1.2928758643550762e-07,-6.239586757573091e-08,1.6011822706662645e-07,-1.004983164671266e-07,2.48303717035909e-08,1.7194409771273723e-07,1.3420655799469507e-08
0.0225,0.3050606665109305,0.00037892462140760765,0.002143284084786134,1.9193643956800353e-05,0.001812746082899072,4.461783452378894e-06,2.2414565428261953e-05,4.824896320961802e-10,1.7934207011533024e-10,5.252200706843632e-09,5.025429746318157e-08,6.975896283707548e-09,3.803724745788327e-09,5.0761666344355713e-08,1.97337656784128e-05,-2.160849327984826e-07,-5.2534322302177385e-08,3.1180887555585556e-07,-1.2629805481151833e-07,4.528919539598277e-08,3.33023714553327e-07,2.993739578655906e-08
0.025,0.33723731225848474,0.000571435846945733,0.003191520196104946,2.9498739869542485e-05,0.002690601663995147,6.834796677695333e-06,3.4478500936314135e-05,1.0514758166544175e-09,3.545868500587193e-10,1.0323370778817337e-08,9.210884102867205e-08,1.352614174830444e-08,6.836646267807549e-09,9.431671013871863e-08,3.217189056350881e-05,-3.3861145115701636e-07,2.0213682947310233e-08,5.72085263514184e-07,-1.211475283775855e-07,7.839384070507406e-08,6.077686424813281e-07,6.184900834014963e-08
0.0275,0.3687644446149759,0.0008292255400617638,0.004561547470391271,4.3966993753414985e-05,0.0038378583364997807,1.0118411122537734e-05,5.136303541154382e-05,2.1700431709161873e-09,6.764335456435807e-10,1.9241147439773402e-08,1.6123708001793592e-07,2.4898037343486522e-08,1.199526557549238e-08,1.6722050083754078e-07,5.012506385906077e-05,-5.018756883604176e-07,3.084165675852427e-07,9.980442266411257e-07,-4.4145073874335224e-08,1.2997679083535496e-07,1.0549109577097339e-06,1.1979726631970505e-07
0.03,0.3995463879293605,0.001164452252818516,0.006295776676704832,6.386722227516511e-05,0.005291813888594951,1.4556558734337727e-05,7.447734337300876e-05,4.2635797661903195e-09,1.2457756054743471e-09,3.425674342758369e-08,2.7109494428543455e-07,4.382045986042933e-08,2.0492847313950056e-08,2.845355480368093e-07,7.514437654014394e-05,-7.078774751404632e-07,9.131050291575172e-07,1.6674414985404997e-06,2.551660290383396e-07,2.078610191285941e-07,1.7540310373606017e-06,2.1965218032993826e-07
0.0325,0.4294951916770818,0.0015894756792427301,0.008431531237973532,9.074900611448127e-05,0.007086337037087765,2.0438518746209447e-05,0.00010554026106583217,8.014920031834433e-09,2.218977543922261e-09,5.860299278441564e-08,4.398803752306786e-07,7.416566504672232e-08,3.4061930137001136e-08,4.669167576328427e-07,0.00010898341378192368,-9.539576243882601e-07,2.0270609809604595e-06,2.682987317324543e-06,9.500465577268744e-07,3.2233854234061203e-07,2.809849876023174e-06,3.8416235327172577e-07
0.035,0.45853421345541945,0.0021165532382834184,0.010999924549232121,0.0001265015171531949,0.009250777753879433,2.810352244341734e-05,0.00014657517538281583,1.4480967863164425e-08,3.831373530298511e-09,9.679251542850003e-08,6.916066315510914e-07,1.2127546044958305e-07,5.510518141118759e-08,7.419774237347767e-07,0.00015359197840308074,-1.2309104008388118e-06,3.91409980785608e-06,4.176829594655979e-06,2.2077650899405383e-06,4.867285950058166e-07,4.356770873911911e-06,6.448499146853606e-07
0.0375,0.48659697072379854,0.002757524266703685,0.014025586371736435,0.000173347501589381,0.011809163304999249,3.794697661952473e-05,0.00019999107632063737,2.52452901347314e-08,6.427974851467017e-09,1.5496898953389442e-07,1.0572602289320466e-06,1.9234387360378479e-07,8.687088073787672e-08,1.1458042328015837e-06,0.00021111086075890632,-1.5209012635205426e-06,6.9232346162885e-06,6.31511257926381e-06,4.297769207107659e-06,7.179986506912881e-07,6.563626783398485e-06,1.044109074428231e-06
0.04,0.5136297524403726,0.003523566014956324,0.017526251173021805,0.00023393823008168932,0.014780142695124773,5.0424074671428034e-05,0.00026857367040475957,4.2612322437274196e-08,1.0501779804754407e-08,2.4130910841486485e-07,1.576092474567104e-06,2.9684405221944605e-07,1.3365039085841325e-07,1.724666242440246e-06,0.0002838787174815063,-1.795196296652487e-06,1.1504104132407077e-05,9.302563593626094e-06,7.568607282978375e-06,1.0374473567072268e-06,9.638592610459292e-06,1.637502798522452e-06
0.0425,0.539592977592734,0.004424964349428113,0.021512970302087885,0.00031130481687521904,0.018176384646292225,6.606232885087624e-05,0.0003555227328988375,6.98490052775386e-08,1.674167012799582e-08,3.6648515719548e-07,2.2969433821639098e-06,4.4701142197414956e-07,2.0100482215536557e-07,2.5368635491050334e-06,0.00037443699077230254,-2.0116232689624023e-06,1.822410238497697e-05,1.3387048404370026e-05,1.2460571305482019e-05,1.4714635263182665e-06,1.3834251397909668e-05,2.4961753170950664e-06
0.045,0.5644569365629236,0.005470955506840657,0.025991013630288225,0.00040894173014578955,0.022005268283411844,8.546159377246236e-05,0.0004644653380726634,1.114771909934524e-07,2.6090987016640718e-08,5.441809114551147e-07,3.2797501755587e-06,6.583748169523758e-07,2.960079580870656e-07,3.654787070709198e-06,0.00048555620970668816,-2.1117825905106135e-06,2.7787713525230952e-05,1.8864364469125095e-05,1.9520067132434316e-05,2.0523310901484147e-06,1.945326690746973e-05,3.7093814928102156e-06
0.0475,0.5882052017929982,0.006669516141626452,0.030959899041217608,0.0005307651228761722,0.02626934315910635,0.0001092845338375697,0.0005994595407639842,1.7362219882824385e-07,3.9816013584217045e-08,7.9165855697929e-07,4.597077931950793e-06,9.503351749904497e-07,4.275167264675861e-07,5.1671842184278e-06,0.0006202706473943123,-2.0179923478781227e-06,4.105954283785577e-05,2.6082617403103616e-05,2.9414907427724643e-05,2.8190689944893544e-06,2.685399802415161e-05,5.387092536981509e-06
0.05,0.6108275570586172,0.008027288013673676,0.0364141730163902,0.0006811328925115513,0.030966270000709676,0.00013829650468605184,0.0007649942019346651,2.6441845175333313e-07,5.9587486541153335e-08,1.130409063015886e-06,6.3358298093147325e-06,1.3467889989275568e-06,6.064670444097946e-07,7.1816457694974805e-06,0.0007819261977813932,-1.6294727955186585e-06,5.9087686998590427e-05,3.544775934062088e-05,4.295237182818974e-05,3.818384453141498e-06,3.6457500710522144e-05,7.662561111885068e-06
0.0525,0.632324954967795,0.0095496719757969,0.04234418828335375,0.0008648174930462716,0.036090142916884706,0.00017333629315976308,0.0009659882826992125,3.9447641808826057e-07,8.75739218892475e-08,1.5867938682490154e-06,8.599066257552108e-06,1.8767950663628065e-06,8.461813307461389e-07,9.827381400358777e-06,0.0009742400277251553,-8.174489070800642e-07,8.313828403170731e-05,4.742862093390912e-05,6.109985082018917e-05,5.105607804858418e-06,4.875519254597186e-05,1.0695039151437526e-05
0.055,0.6527057890335317,0.011240416576032837,0.04873663771073298,0.0010870003422738252,0.04163128872335365,0.000215328946386483,0.0012077621575810973,5.774091016275372e-07,1.2654805445505404e-07,2.1928580678021493e-06,1.1507924606618943e-05,2.5753037375421346e-06,1.162724945150497e-06,1.3258512517779722e-05,0.0012014104868819386,5.875714071542494e-07,0.00011472838662144076,6.256358587044392e-05,8.500986128538229e-05,6.745752190082598e-06,6.431767566508766e-05,1.4672326519528205e-05
0.0575,0.6719830641247807,0.013102267188757294,0.055575053669469965,0.0013531967696356788,0.047577809185322666,0.00026529027748060235,0.0014959915142181645,8.304157768714847e-07,1.8000437810289867e-07,2.987089999281775e-06,1.5203923982460413e-05,3.483892575072046e-06,1.575247425976536e-06,1.76574548635665e-05,0.0014681750062024695,3.1725285867214657e-06,0.00015567956784587737,8.146795087940843e-05,0.00011604737066958726,8.814638779296833e-06,8.380627940432028e-05,1.9813466746876807e-05
0.06,0.69017771506725,0.015136147408535694,0.06284065907142025,0.0016692753563564517,0.053914832453009265,0.00032432350304677677,0.001836737570444318,1.174933551470779e-06,2.522941251562983e-07,4.015343868582848e-06,1.9851590520445775e-05,4.651614042551199e-06,2.1064050951333753e-06,2.3239269797463734e-05,0.0017799642958965705,7.599949415981857e-06,0.0002081516872242078,0.00010484318694283958,0.00015582481966352796,1.1399940576357227e-05,0.00010798631986525793,2.6371306231529293e-05
0.0625,0.7073121186904177,0.017341908135384564,0.07051189622922185,0.0020413359250974123,0.06062610822030224,0.0003936203841166445,0.002236320481762108,1.6373436084001388e-06,3.4876510016501973e-07,5.33182818887843e-06,2.5640873276305468e-05,6.1358754218961936e-06,2.782777468260445e-06,3.025647870989499e-05,0.0021429701220712547,1.3843214973059198e-05,0.0002747138662913067,0.00013348921738220236,0.0002062375285583655,1.460277245192258e-05,0.00013774354203823565,3.463573208233279e-05
0.065,0.7234146755921709,0.019718183390923568,0.07856602153028469,0.002475692242111853,0.06769340458992018,0.00047445423190698875,0.002701346864101445,2.2497163072754426e-06,4.7592311890116637e-07,7.000122383862152e-06,3.279088658339268e-05,8.003385936359174e-06,3.6353329721881543e-06,3.900483959763114e-05,0.0025643374081539315,2.2331498035105673e-05,0.0003584245343740206,0.00016831428430476295,0.00026950688631494606,1.8539088741534544e-05,0.00017410342248272713,4.493638207295705e-05
0.0675,0.7385174578199557,0.02226216321183459,0.08697970796392082,0.0029788327187634206,0.07509803840824979,0.0005681780456776144,0.003238596475856163,3.050657197072321e-06,6.415972318839073e-07,9.09457507482815e-06,4.155342446602391e-05,1.0331257440209189e-05,4.699971618839391e-06,4.9829500071099533e-05,0.0030522673975244986,3.358530705972975e-05,0.00046289597116303286,0.0002103593643621889,0.00034824331044085437,2.3341000493724337e-05,0.00021825763919866857,5.7646201558809414e-05
0.07,0.7526534816360531,0.024970381324637435,0.09572663762257652,0.0035573193242636227,0.0828192670718465,0.0006762269434062006,0.00385503615083623,4.08618413898453e-06,8.551233382442865e-07,1.1701229343888719e-05,5.221684163402617e-05,1.3208061983068205e-05,6.018104038868097e-06,6.313365183798263e-05,0.0036161514262977278,4.821292414126572e-05,0.0005923451357995474,0.00026081004668221256,0.0004454870671746897,2.9158996394429442e-05,0.00027159027347361717,7.318550767775786e-05
0.0725,0.7658561678149566,0.027837948817772185,0.10478091047398039,0.004217712781971501,0.09083728870527563,0.0008000934869090567,0.004557659635523897,5.410674538632107e-06,1.1275250827029198e-06,1.4919938300478196e-05,6.511196346524568e-05,1.673525823479185e-05,7.637219173855763e-06,7.938729132695733e-05,0.004266705341724411,6.692123727855256e-05,0.0007518707275609667,0.00032103061365192954,0.0005647910979340426,3.616418968919168e-05,0.0003357088245655837,9.202788203483957e-05
0.075,0.7781660198871794,0.030859583344328662,0.11411702133071948,0.004966547432816865,0.09913025352047006,0.0009413256322337353,0.005353541031377318,7.087909851507528e-06,1.4717445970520429e-06,1.8865757847569686e-05,8.06179075963193e-05,2.102896185772927e-05,9.611768947502079e-06,9.913639134316559e-05,0.005016091787511231,9.05275746191023e-05,0.0009472023296603276,0.00039258967214855073,0.0007102068962222994,4.4550243709289774e-05,0.0004124994983877239,0.000114702475514134
0.0775,0.7896214089482598,0.03402879226273208,0.12370744807548303,0.005810261666836075,0.10767630961857994,0.0011015218988767036,0.0062496970706040576,9.192271214890188e-06,1.902836984891349e-06,2.3671018426481445e-05,9.916713002880015e-05,2.6221083800680752e-05,1.2004039437902448e-05,0.0001230177769048455,0.0058780377539423695,0.00011997572675472745,0.001185205539114319,0.00047728403141082546,0.0008865230857353957,5.453698894452791e-05,0.0005041490166117956,0.00014180623363227728
0.08,0.8002617570780582,0.03733869618541248,0.13352596119305296,0.00675509042666894,0.11645456924699309,0.0012823370081978505,0.0072530660499424485,1.1809734932438547e-05,2.4381904998031136e-06,2.9487564408406897e-05,0.00012125590150557106,3.246189323746947e-05,1.488468453849661e-05,0.0001517722593484312,0.0068678814051178145,0.00015634932189374594,0.0014737524325112658,0.0005772003370870136,0.0010991645320966856,6.637219534886497e-05,0.0006132079040796118,0.00017400654108863208
0.0825,0.810125031356516,0.04078177606957849,0.1435447990286819,0.007807054510325966,0.12544488193701198,0.0014854157929840798,0.008370334094056082,1.5039708528444426e-05,3.0978027334352596e-06,3.649034807894122e-05,0.00014745007910826798,3.99221218213535e-05,1.8334329547817252e-05,0.00018625816543421254,0.008002653454054676,0.00020087553101342552,0.0018218939180875916,0.0006947408011938909,0.001354385273487521,8.033807280155308e-05,0.0007426548750628023,0.00021205815165068
0.085,0.8192508515652233,0.04435029680859098,0.15373969038970597,0.008971855820211294,0.13462357500110347,0.0017124390959273664,0.009608147658199022,1.899619402248166e-05,3.904542897221025e-06,4.487837994828496e-05,0.00017839403576470458,4.879601312642056e-05,2.2444670398996788e-05,0.00022747462635016287,0.009301065711040718,0.00025497281630220065,0.0022400021929343786,0.0008326838183939402,0.0016592471280229603,9.675132666298809e-05,0.0008959481747218743,0.0002568088878773606
0.0875,0.8276805723064069,0.048035844735081615,0.16408491070733583,0.010255079420167956,0.14397078465371085,0.0019650898976330123,0.010972723942355586,2.380990331303685e-05,4.8844119584831854e-06,5.488085810424452e-05,0.00021483444078252456,5.930384113672803e-05,2.7319470859819665e-05,0.0002765665941156502,0.01078354997350999,0.00032022740195616076,0.00273986049633783,0.0009942312485984684,0.0020218094914188646,0.00011597218948638125,0.00107711574431096,0.00030921999553971133
0.09,0.8354548086538218,0.05183007855013542,0.17455320324390453,0.011661478178134127,0.15346615414514,0.002245018832793834,0.012470035000653211,2.962999379049089e-05,6.066866790286097e-06,6.676054903295353e-05,0.0002575996299989581,7.1696259590678e-05,3.3076508124982675e-05,0.0003348817143779333,0.012472182288990405,0.00039844513695670296,0.0033347273720014474,0.001183065140747977,0.002451078034507199,0.00013840823999563658,0.0012907207525131165,0.0003703762566025329
0.0925,0.8426123083054801,0.05572466556462273,0.18512320947787828,0.013195919726772006,0.16309166451183862,0.0025538515129906653,0.014105758619098997,3.6627058444129344e-05,7.485151311812506e-06,8.081664585376842e-05,0.000307658405513659,8.625843534692045e-05,3.984948937172744e-05,0.0004039397131319431,0.01439038820438616,0.0004916458816196384,0.004039487433090477,0.001403429080069052,0.0029571753736205653,0.00016451965843970097,0.001542158762020568,0.00044151155221262156
0.095,0.8491896099655911,0.05971095034766721,0.1957707602415633,0.01486242207387919,0.17282369661304023,0.0028931859209438914,0.015884930914945555,4.499528550399872e-05,9.176732584517283e-06,9.73934924681277e-05,0.0003660974393120871,0.00010331535623844846,4.7789869242905844e-05,0.0004855158241710221,0.016563204600386197,0.0006020905288584916,0.004870648604561882,0.0016601612357588027,0.0035513124794023096,0.00019481636483423539,0.0018375115694068203,0.0005240356786115418
0.0975,0.8552282160880006,0.06378031956593784,0.2064747604550678,0.01666473692725472,0.18264804230249845,0.0032645650417226406,0.01781238531059264,5.495679296086112e-05,1.1183601036282343e-05,0.00011687863695745985,0.0004341524695217786,0.00012323471353008138,5.706713658200739e-05,0.000581619865903811,0.01901658514408156,0.0007322908613850972,0.005846445248289291,0.0019587829351502216,0.0042458795375106126,0.0002298941698802851,0.0021837189336769963,0.0006195440134378692
0.1,0.8607561656856368,0.06792453554592744,0.2172133745614946,0.018605973038901092,0.1925430690168337,0.0036694630456156254,0.019892288783617255,6.67643938188255e-05,1.3552869866278175e-05,0.00013973152697964095,0.0005132108504992386,0.00014643923917396907,6.787598729297575e-05,0.0006945663889604968,0.021777482588062638,0.0008850306843965576,0.0069867991252172265,0.002305550495105443,0.005054475983098043,0.00027040480746922454,0.0025886836508569613,0.0007298578007556917
0.1025,0.8658134902011719,0.07213551929513037,0.22796687032261453,0.02068892383888235,0.20249494581092523,0.004109284067854557,0.022128481131202263,8.070605664827366e-05,1.633709657937424e-05,0.0001664545862323387,0.0006048406374159647,0.0001734026980688976,8.04300099709802e-05,0.0008269653731249137,0.024873410533069285,0.001063362069860717,0.008313387951664723,0.0027075150464612742,0.005991859686471032,0.0003170945317584386,0.003061240538675959,0.0008570531443575961
0.105,0.8704374347896732,0.0764052235566963,0.23871597684052595,0.022915758018344674,0.2124843196358183,0.0045853522772161285,0.024524119885676026,9.71132897839275e-05,1.9595491434755165e-05,0.0001976303573331213,0.0007108386689881495,0.0002046769597984349,9.49815788356197e-05,0.0009817923540716025,0.028332317324706313,0.001270645662424278,0.009849464828478932,0.0031726121759407234,0.007074088389199986,0.0003707792919024201,0.003611383344578037,0.0010034796724994405
0.1075,0.8746484024047165,0.08072585604096329,0.24944474458594607,0.025288193975922035,0.22249739557355258,0.005098901338483372,0.027082051762743337,0.00011636175740913874,2.339290282847541e-05,0.00023393456520242952,0.0008331886551960707,0.00024087503169647716,0.00011180068670753119,0.0011623665778718907,0.0321816704154305,0.0015105281288811355,0.011619846574291597,0.0037096660552631243,0.008318252508105188,0.0004323996214954084,0.004250134125881197,0.0011718153319019268
0.11,0.8784898522682602,0.08509045432168824,0.26013672525875137,0.027807184001923547,0.2325197182040648,0.005651050502087092,0.02980417264072679,0.0001388835758145163,2.7802852599584665e-05,0.00027610832067164284,0.0009740715447270622,0.00028270286917437263,0.00013119460217228017,0.0013724162770967262,0.03644865433522184,0.0017869553303172302,0.013651001885920687,0.00432846971787096,0.00974268688405976,0.0005029796296368974,0.004989751736226768,0.0013650860791637914
0.1125,0.881983800004336,0.08949280099832195,0.2707771948779422,0.03047351396672642,0.2425376008704689,0.0062428148525148905,0.03269210066931403,0.00016516921011116252,3.290670275848318e-05,0.0003250166258422581,0.0011359617526250938,0.0003309520244215786,0.00015350770710751893,0.0016161529417602957,0.041159344317155976,0.002104189575709948,0.01597026622566986,0.005039813326970254,0.011366711105246438,0.000583671937352289,0.005843663346677404,0.001586714977239169
0.115,0.8851571655035432,0.09392512842071235,0.2813527993656474,0.03328736018203816,0.2525373616062589,0.006875213193120791,0.035746981957379596,0.0001957909284496665,3.8795459649367515e-05,0.00038161965276273073,0.0013215931243953818,0.00038652437356519767,0.0001791322519267496,0.0018982121984118475,0.046338788909584205,0.002466791433073024,0.018606412063507393,0.005855470857298555,0.013210758592993694,0.0006757488149589841,0.006826596455043204,0.0018405046514609943
0.1175,0.8880404192912149,0.0983810380104381,0.29184958185983517,0.03624826992584711,0.26250857034165875,0.00754892940044941,0.03896921454714826,0.00023138651494079515,4.5569858966463445e-05,0.000447022536323963,0.0015339590925145996,0.00045043955490661465,0.00020848440413345084,0.0022237032462963137,0.05200970464607293,0.0028796268881573286,0.02158882919289001,0.0067883081078385435,0.015295855463656945,0.0007806163794749111,0.007954409862355068,0.0021307678565367395
0.12,0.8906509160943266,0.10285613346409801,0.3022579974614227,0.03935550941395281,0.27244041786311834,0.008264778213988638,0.042358783572422155,0.00027269664885230544,5.334189477683247e-05,0.0005224108855804391,0.0017763729935688245,0.0005238363946216549,0.00024205169397639373,0.0025982746823058943,0.05819266274363549,0.00334783841655819,0.02494738817986205,0.007852131087751747,0.017643793672515055,0.000899813336121691,0.009244329050021052,0.0024622110934225867
0.1225,0.8930164777175212,0.10734391623682697,0.3125679635405621,0.04260811759361705,0.282320806422571,0.009023294492318009,0.0459149075123479,0.00032056373066076697,6.22367106373366e-05,0.0006091951073338665,0.0020524432412354944,0.000608000323749991,0.00028034975171559574,0.003028088274773177,0.06490588735453853,0.0038768774918910725,0.02871230749507019,0.00906182351068636,0.02027691171592851,0.0010350295504418852,0.010714611811796214,0.002840144548985686
0.125,0.8951545373635948,0.11184069126984161,0.32277093060662676,0.04600402031005106,0.29214285433692366,0.009824939893510708,0.049636825754343535,0.00037594671263117444,7.239193558398629e-05,0.0007088918107950138,0.0023660993174944808,0.0007043503009635529,0.00032396152795807754,0.0035198484261246884,0.0721642787485694,0.004472411320589284,0.03291334882892211,0.010433176141954163,0.023217870099051376,0.001188108241579425,0.01238478550278703,0.0032703338799587715
0.1275,0.8970907536483228,0.11634034853988733,0.33285803275156955,0.04954147499033123,0.3018969819688808,0.010670160544621209,0.05352255710420648,0.00043993668050555375,8.396155397342795e-05,0.0008232032284060483,0.00272160285689527,0.0008145289582015167,0.000373519954121273,0.004080820286951319,0.07997952523945388,0.005140391321947201,0.037579868579071356,0.011982855454641766,0.026489241722793117,0.0013610482487229935,0.014275244713207028,0.00375913897706603
0.13,0.8988394501385548,0.120840388983854,0.3428228851679952,0.05321812555873944,0.3115747549861141,0.011559306946460304,0.05757024673108898,0.0005137631961137476,9.711465970347673e-05,0.0009540135793814932,0.003123535214976591,0.0009402726942912353,0.00042972219555042243,0.004718811347190186,0.08836073303321693,0.005886986253783999,0.04274019765893828,0.013728548314271538,0.030113624239748275,0.0015560116338409983,0.016407575184441203,0.004313378606767912
0.1325,0.9004146764001992,0.12533565234473748,0.3526586024407251,0.05703124744860272,0.32117153805127296,0.012492381699167587,0.06177738887071569,0.0005988290707458605,0.00011203976368830437,0.0011034074066065495,0.0035768671613817028,0.0010835461174785127,0.0004933266661030825,0.005442161989948567,0.09730964803184425,0.006718402410487733,0.04842078250610508,0.01568820673146015,0.03411300603634806,0.0017753248425416179,0.018803946832922858,0.004940499989246738
0.135,0.9018330204608367,0.12982305026976643,0.36236109616450524,0.060977736454247554,0.3306796230321733,0.013469544897318103,0.06614084208929764,0.0006966996635434711,0.00012894125940400317,0.0012736673444659272,0.004086824457166875,0.0012465189114793812,0.000565155458517546,0.006259792729545311,0.10682919824620897,0.0076412626228125075,0.0546468728465463,0.017880904430885972,0.038508855382515216,0.0020214743231427423,0.021487466567722487,0.005648354206625011
0.1375,0.9031163580472071,0.1343004623970629,0.3719268182707555,0.06505440951473924,0.34009415659917724,0.014490840730156407,0.07065753991008597,0.0008091480432377941,0.0001480561638365778,0.0014672918093439514,0.004659046591651039,0.0014315528464576349,0.0006461028468827371,0.007181094151748775,0.11691364251133893,0.008662109498108993,0.0614409760336569,0.020325731475451095,0.04332143157961845,0.0022971129515174833,0.02448121255391225,0.006445529545981495
0.14,0.904267329335062,0.1387639884154374,0.38135107646630406,0.06925769950062413,0.3494098269011145,0.015556160221371124,0.07532367323632334,0.0009381706722522348,0.0001696201983045132,0.0016870152088556021,0.005299443173690112,0.0016412436080506356,0.000737130004367793,0.008215944586304487,0.12755723351200396,0.009787536558129228,0.06882249607265005,0.023042288583882273,0.048569784292672794,0.0026050691276374833,0.027809095874664694,0.007340793294461856
0.1425,0.9053068940346465,0.14321154785994095,0.39063099410480095,0.07358398393674699,0.35862323467231294,0.01666526821066539,0.08013543459011827,0.0010859312859098093,0.00019392687209464308,0.0019357941365871969,0.00601426580652843,0.0018783884643737217,0.0008392710847394568,0.009374719323782676,0.1387446349677352,0.011024329464860705,0.0768088345258906,0.026050239166480037,0.05427133931459522,0.002948336306938178,0.031494543294240084,0.008343536316500012
0.145,0.9062405389383835,0.14764129777441098,0.399765544854251,0.07802887584462091,0.3677299558262743,0.017818013966222634,0.08508789098330255,0.0012548709700772292,0.0002212648863758776,0.0022168399704579874,0.006810043619781172,0.0021460427741731127,0.0009536345169453844,0.010668091201184742,0.1504632639286885,0.0123791199362504,0.08541233767048421,0.02936919496727561,0.06044185920818021,0.0033300315099292358,0.03556093380098487,0.009463437614760758
0.1475,0.9070777222078388,0.15205091345745436,0.40875087067901006,0.08258908780648355,0.3767275360579778,0.019013916894519246,0.09017752278106243,0.00144769339680183,0.00025196618067838654,0.002533581645315076,0.007693546363017889,0.002447484596178982,0.001081394394469357,0.012107123256586558,0.16269093471014517,0.013858525344098763,0.09464216469642495,0.03301811818324384,0.0670952210637631,0.0037534335006880514,0.040031556868832655,0.010710505026673634
0.15,0.9078323215727115,0.15643760035970747,0.41758874063275087,0.087259584750638,0.3856137727954843,0.02025283337201861,0.09539833870395942,0.001667340146714822,0.0002863895226162115,0.002889725146277623,0.008671924888635926,0.0027862343277612715,0.0012238094561031162,0.013703293592844792,0.17540594389788025,0.015468981300757082,0.10450451457324642,0.037015914898982726,0.07424162703978038,0.004221961220671248,0.04492810191504988,0.01209493938574776
0.1525,0.9085106835229823,0.1608017859921109,0.42627708002747494,0.09203634730007242,0.3943845007658654,0.021534085501798795,0.10074599542593173,0.0019170557708265588,0.0003249234901375708,0.003289198723540909,0.009752319477278731,0.003166035468551986,0.0013822086796350763,0.015467965909776095,0.1885823270956136,0.01721688300365934,0.11499790292681414,0.04138047924844159,0.08189105023294262,0.004739213871186567,0.05027167994510127,0.013627040854623945
0.155,0.909117517772352,0.16514154681475093,0.434814741286541,0.0969149335672643,0.40304011387156163,0.022857358118450088,0.10621562621285435,0.0022003447648538555,0.0003679711774219586,0.003736189290245793,0.010942207827284662,0.0035908773493600376,0.0015579769790803639,0.017412790029151224,0.20218950320606036,0.019108249981641998,0.12612128064888944,0.046128364238027006,0.09004871301670202,0.005308827827758524,0.056082527893431176,0.015317333971028822
0.1575,0.9096659118585426,0.16945567082186724,0.44320391453003544,0.10189059216748948,0.41157888725201014,0.024222026814961838,0.11180099765336371,0.0025210372329525902,0.0004160364908907031,0.004235120177541321,0.01224911317763034,0.0040649883011238015,0.0017525867052776225,0.01954961596949928,0.2161963331471855,0.02114896423024991,0.13786431542071673,0.05127524377498424,0.09871759783456716,0.00593460161802671,0.062377639553542814,0.017176128233683457
0.16,0.9101538173582687,0.17374339271340672,0.4514433505620068,0.10695885072112801,0.4199980505337222,0.025627602541515165,0.11749776933244477,0.0028832021589116057,0.00046955463288253133,0.004790646228314569,0.01368072907316525,0.004592792209002575,0.0019675748949952894,0.02188973561738254,0.2305666691887434,0.023344659942478658,0.15021451273721687,0.05683563078513647,0.10789738585869875,0.006620403186289039,0.06917426583675272,0.019213389192962494
0.1625,0.9105958691609624,0.1780037015018478,0.45953620037230997,0.11211577669663837,0.42829882113879253,0.027073325269487837,0.12329981904252565,0.003291271893594178,0.000529067583108965,0.005407644714935205,0.015244614650163298,0.005178931797637479,0.0022045265510086502,0.024444739858775995,0.24526794342011562,0.02570053560789636,0.1631555413446258,0.06282174483162525,0.11758474725157331,0.007370194906907552,0.07648506111357178,0.02143935554570281
0.165,0.9109880816853144,0.1822358012051129,0.4674804575853625,0.11735513323759154,0.43648062391668646,0.028558676068292942,0.12920075815039336,0.0037499264690807276,0.0005951291259493622,0.0060912035119481175,0.016948473091740884,0.005828265739264156,0.0024650968189667173,0.027225688055889617,0.26025971758825855,0.02822119750250289,0.17666305596458534,0.06924403737857245,0.12777597023084666,0.008187942582694802,0.08432204659117887,0.023863559372545487
0.1675,0.9113421963617018,0.18644000200366978,0.47528044589200286,0.1226730942703636,0.44454118099833123,0.030082899429627025,0.13519657679852704,0.0042641507862713045,0.0006683358112494212,0.006846628653603863,0.01879993294767106,0.006545771169615519,0.002750992780218815,0.030243128571064218,0.2755053532930867,0.030911323688646863,0.19071412077696476,0.0761105277235664,0.1384578351656978,0.009077803621896148,0.0926935568840949,0.026495338971539106
0.17,0.9116588166932846,0.190614693154475,0.4829367487711675,0.12806531447741615,0.452483137051412,0.03164530423916214,0.14128142938116428,0.004839178943763633,0.0007493157198644141,0.007679296259622909,0.020806203083582202,0.007336704289989566,0.0030639742747703837,0.03350742780193932,0.2909646238110121,0.03377469888466924,0.2052763933731007,0.08342906639670682,0.14961981680497874,0.010043782574854722,0.10160497950376282,0.029342559053033436
0.1725,0.9119450982234433,0.19476156411963097,0.490450545291257,0.1335265610554065,0.460305795226062,0.03324514578629362,0.14744778715082182,0.005480576554645324,0.0008387288263875082,0.008594920577838725,0.022974465112763326,0.008206279620609767,0.0034058174000918015,0.03702784120817318,0.30660113800264416,0.03681477645768448,0.2203171953907634,0.09120149789072587,0.16124646168780188,0.01108990570861838,0.11106023868283356,0.032414154714791185
0.175,0.9122010264857489,0.19887697912999358,0.4978235542813311,0.1390522290588159,0.46801014978864414,0.034881724504924536,0.15369230205697246,0.006194080499156076,0.0009372885220936517,0.00959912006596802,0.025311952843183393,0.00915996545108038,0.003778360388707631,0.04081347765053739,0.32237373628030813,0.040034774684025776,0.23579963866684236,0.09943057582873516,0.17331987220003256,0.012220442758552974,0.12105868864158827,0.0357170285111536
0.1775,0.9124285222900946,0.20296428387924154,0.5050577051319938,0.14463860376830628,0.47559524208680787,0.03655426720492883,0.16000846506823937,0.00698565025881271,0.0010457151534508408,0.010697753815044137,0.027824921632588966,0.010203213561763036,0.004183453197980104,0.04487191348990098,0.33824469437126103,0.04343680787763912,0.25168570919337735,0.10811369021654071,0.18581763961896455,0.013439341282828754,0.13159386871347312,0.03925748145207125
0.18,0.91263354447216,0.20702110772916082,0.5121570226407617,0.15028119941245607,0.4830633534582292,0.038261981460152604,0.16639046983883568,0.007861511414944572,0.0011647869993483778,0.011896747311377973,0.030519726901336742,0.011341719365878591,0.004622954135137027,0.04921047833258874,0.35417517622779954,0.047023168882683854,0.267931242937137,0.1172493549175526,0.1987159992703178,0.014750671108343804,0.1426619370856664,0.043041395914027704
0.1825,0.9128198476203029,0.2110493661515041,0.5191204723499159,0.1559737993418528,0.4904147681078387,0.04000414750286497,0.17283393994747467,0.008827970067180725,0.0012953047952731192,0.013202051172162273,0.03340194734225384,0.012580806950007278,0.005098747583336847,0.05383469838824722,0.37013133588732705,0.05079514138103954,0.2844922913404166,0.1268282719597575,0.21199156748742204,0.016158287302060415,0.15424955628265247,0.04707488252227545
0.185,0.9129833728253594,0.21504653366824567,0.5259537882618431,0.16171408927445302,0.4976498844747551,0.041779773688299625,0.17933240236522155,0.009891544617480527,0.0014380966164057065,0.014619386082539218,0.03647694195817646,0.013926107808591671,0.005612686890799951,0.058749758059545625,0.3860757189252211,0.054753648220413516,0.3013247516748924,0.13684465078640623,0.22561440349350637,0.017666054946458298,0.16634548617671055,0.05136044763815386
0.1875,0.9131345238081188,0.2190148873461668,0.5326561168337304,0.1674963057380768,0.504771196353864,0.043588230494450146,0.18588136979463393,0.011058679847043399,0.001594022181132034,0.016154776498694155,0.03974935446990022,0.015383133998666263,0.00616663922819493,0.06395921656285505,0.4019766762009039,0.05889902085249168,0.31838311573192635,0.14728484067951095,0.23955536982379763,0.019277917023823123,0.17893002496720967,0.05590105121008432
0.19,0.9132652693160435,0.22295373114793432,0.5392318638283422,0.17331744807410238,0.5117789530102609,0.04542875182370817,0.19247574858440017,0.012336165648301192,0.0017639743551596712,0.017813960772563413,0.04322314918360377,0.016957135024007895,0.0067624479398561334,0.06946507959816449,0.41780050512373607,0.06323101222756251,0.33561936782914126,0.1581341264050184,0.25378360452989934,0.020997333221542763,0.1919849725435323,0.060699723932230755
0.1925,0.913384178063362,0.22686296913394233,0.5456829059144924,0.1791731862762546,0.5186750133745338,0.04730035966794094,0.19911000464938508,0.01373043348020019,0.0019488497814049849,0.019602455181250106,0.04690181233705315,0.018653500767603,0.00740188822190996,0.07526797167395581,0.43351727053170397,0.06774934447430683,0.3529862158338632,0.16937814715648405,0.2682659055813789,0.022828040477325652,0.20548676117768042,0.06575792242039567
0.195,0.9134926580380152,0.23074358519120114,0.5520104788166386,0.18505958644046896,0.5254605571380176,0.0492025091644045,0.20578016160221616,0.0152482308610139,0.0021496004900893096,0.0215258346445707,0.05078792366536224,0.02047705572587379,0.0080866828636142,0.08136915754088204,0.4490980804889624,0.07245264995547886,0.3704403199158163,0.18099622393054152,0.2829723194059855,0.024773140060829656,0.21940682588490795,0.07107590628876365
0.1975,0.913590449121167,0.234595714377987,0.5582188407888166,0.1909725735060388,0.5321372723374032,0.05113428112206625,0.21248176047426848,0.01689597368872367,0.002367150934308503,0.023589193434740002,0.05488354294259068,0.022432799301994422,0.008818600737004127,0.08776519364236286,0.4645219452124331,0.07733938709113486,0.38793237025189453,0.19297026262564482,0.2978652865232971,0.02683617168187203,0.23371996235307338,0.07665265346047535
0.2,0.913675596550193,0.23841816655993883,0.5643096879232367,0.1969082249668482,0.5387046873650089,0.05309475526295073,0.21920858838302018,0.018679811481228853,0.0026024597706648424,0.025797634284506786,0.05918973479412075,0.02452520200080114,0.009599262269252793,0.09445375540675398,0.47975698045046533,0.08240785637686394,0.40542003583834246,0.2052756157798162,0.3129134481387978,0.029019906876718727,0.24839497208716108,0.08248760819802477
0.2025,0.913751917922523,0.24221249246656568,0.5702844299030756,0.2028642257886472,0.5451663128594825,0.055083306579566595,0.22595704303564265,0.020606006653651938,0.0028565294564272866,0.028155674033967414,0.06370696134658048,0.026758446198557804,0.010430173939405995,0.10143057446720491,0.49478807074422093,0.08765382295464161,0.42286283612796033,0.21788940970754347,0.32808142441511273,0.031327393008353834,0.2633977235567895,0.08857969490701534
0.205,0.9138221568077152,0.245978291414559,0.57614652290414,0.20883524994525032,0.5515238476075788,0.05709900211763976,0.23272515660281715,0.022680523773170074,0.0031302953041937713,0.030667747005574602,0.0684351739591725,0.029136535548778368,0.011312763445596076,0.10868884232738947,0.5095933097270442,0.09307713628122741,0.44021501321318696,0.23078608247577637,0.34333768141374266,0.033761123865504415,0.27869498789789454,0.09492378625498044
0.2075,0.9138864347907292,0.24971648056394039,0.5818979070159596,0.21481950850159212,0.557777456033739,0.05914133063026386,0.23950491524953643,0.024908662240527114,0.0034247464025326025,0.03333762422484658,0.07337275402602061,0.03166300439593885,0.012248532832573268,0.11622242932285533,0.5241514667218325,0.09867246147896229,0.4574435250401929,0.24393921309396496,0.3586477791621642,0.036323591964030615,0.2942511661813594,0.10151783587646387
0.21,0.9139444599571137,0.2534263589057481,0.5875400163055826,0.2208123723482249,0.5639286884014317,0.06120927134061642,0.24629538344689247,0.027295815191858856,0.0037408726910288194,0.03616867814808811,0.07851801714201298,0.03434081548367151,0.01323863983385081,0.12402310449601772,0.5384514075281234,0.1044376038927714,0.4745081297713562,0.2573203045156894,0.3739790998945027,0.03901687843271253,0.3100297624357275,0.10835771832882601
0.2125,0.9139925025950616,0.25710925943006446,0.5930771980242684,0.2268115659903335,0.5699807447914587,0.06330221541088461,0.2530917550106528,0.029846726081761525,0.004079596552640269,0.039164126593016685,0.08386820012567249,0.03717282335303706,0.014284400129613146,0.13208071166200377,0.5524756274532298,0.11036757928655151,0.4913731905574426,0.2709024638965385,0.3893016512562345,0.041843710173240456,0.32599297973882696,0.11543820379650284
0.215,0.9140415220261697,0.2607646258460714,0.5985092533703467,0.23281388648179027,0.575933178888489,0.0654193929050021,0.259890217809297,0.03256555745446996,0.004441901182020172,0.04232630932428855,0.08941935842878468,0.04016103476310788,0.01538679079922531,0.14038388926613896,0.5662151633719767,0.11645818258621152,0.508009836763925,0.2846564167798435,0.40458511709862477,0.04480480994809649,0.34210471191181197,0.12275494170515006
0.2175,0.9140818428425048,0.26439361489070556,0.6038401933857955,0.23881563150855087,0.581789284583645,0.06755993576330804,0.26668832352092925,0.035456381157089184,0.004828687468356875,0.04565721293751577,0.09516866425946158,0.04330741905531728,0.016546650683196995,0.1489234945359356,0.5796543766336051,0.12270602379222391,0.5243888094413696,0.29855319814938763,0.4197994030173004,0.047902349714194686,0.35832283274304616,0.13030170565130744
0.22,0.9141186757725975,0.26799508389913645,0.6090705883219191,0.2448155554985077,0.5875495723999883,0.06972336571659903,0.27348164704013256,0.038522096163835326,0.005240884982324263,0.049158368120222444,0.10111026272155445,0.04661297001878497,0.017764788024809425,0.15768470284743605,0.5927920358685451,0.12910487106234977,0.5404861129511863,0.3125634081524595,0.4349180717860634,0.05113777124518868,0.37461684565286213,0.13807157608540793
0.2225,0.9141523947884009,0.27157106955772675,0.6142039811731707,0.2508114801104705,0.593215837325491,0.07190866315204802,0.28026753550527395,0.041765326565830894,0.005679383659137614,0.052830630648266784,0.10723777297669751,0.05007827085838464,0.019042185254704202,0.16665463353567445,0.6056124643777229,0.13564997650598115,0.5562747922582263,0.32666030923086103,0.44991581787346213,0.05451144553864674,0.39094391031572506,0.14605948564301777
0.225,0.9141820426560765,0.27512092368144747,0.6192410683009172,0.2567977066528132,0.5987886611579037,0.07411544963204142,0.2870428770475562,0.04518862723479401,0.0061449692776012884,0.05667428923899972,0.1135471675465735,0.053703998635687006,0.020379081550359283,0.17581899964617542,0.6181194223823487,0.1423368917308826,0.571732035952033,0.34081260485877374,0.46476706685751773,0.05802469243165512,0.40726982455025246,0.1542562933042204
0.2275,0.914210800293243,0.2786446596313572,0.6241856316434291,0.26277433431620084,0.6042722108070933,0.07634286982719776,0.2938056663763542,0.04879279782549454,0.006638488455963265,0.0606890686683723,0.12002950335058035,0.05748924138750799,0.021775950422938072,0.18516400383742687,0.630300946744616,0.14916017126077868,0.5868487688391496,0.3549960797450873,0.47945013559600574,0.06167825663619292,0.42355836331480623,0.16265706841085814
0.23,0.9142357626229897,0.28214334153610965,0.6290384253812902,0.2687389655101584,0.6096656850748322,0.07859000498406109,0.30055162636086036,0.05257868102676977,0.007160676625006267,0.06487392391325923,0.12667953543285915,0.061433049498440105,0.0232331645710441,0.19467471585075283,0.6421563924564134,0.15611289440687773,0.6015990110344012,0.3691840173650241,0.49394539499156775,0.06547151867378971,0.43977829261392426,0.1712520324690162
0.2325,0.9142592443465449,0.28561682137299327,0.6338016955600123,0.27468818047567134,0.6149710856509826,0.0808571687523208,0.3072783330682576,0.05654700426113229,0.007712295674338973,0.06922760742474282,0.13348905607408246,0.06553455854804228,0.024750774929040098,0.20433514958704166,0.6536845091725724,0.1631902505226909,0.6159787500360059,0.3833452606140443,0.5082318041740371,0.06940567547186613,0.4558988257364793,0.18003532915389933
0.235,0.9142808688081899,0.2890654991974972,0.6384757959963823,0.2806207153428013,0.6201899894100227,0.08314239278016804,0.3139848778916175,0.06069579742708593,0.008293965509343887,0.07374844781158417,0.1404478024354978,0.06979175137416854,0.026328924735894228,0.2141296933882282,0.6648861744231902,0.17038702019940585,0.6299681152869819,0.39746081395617844,0.5222912827965087,0.07347974504406758,0.4718856500655298,0.1889973541589206
0.2375,0.9142959947206085,0.2924891759500666,0.6430658732218497,0.28653517743418067,0.6253249060673802,0.08544616116172755,0.3206683891632043,0.06502475034472764,0.008906322817902022,0.07843344766625608,0.1475507832580617,0.07420100724476508,0.02796749899648024,0.22404236512866432,0.6757574240443551,0.17769678760774124,0.6435680580417901,0.41150649113581733,0.5361117277273814,0.07769304248116925,0.4877086645674802,0.19813096913202474
0.24,0.9143152442307281,0.29588793375285827,0.6475712981915509,0.2924286293810805,0.6303750576959769,0.08776638408736004,0.327326585251062,0.06953046690629566,0.00954991403434323,0.08327966248551194,0.15478709709960264,0.07876117266902007,0.0296662181348022,0.23405797296656758,0.6863034430747772,0.18511255307488075,0.6567646954091639,0.42545562632374034,0.5496776824410985,0.08204660501946473,0.5033455100709989,0.2074268128341365
0.2425,0.9143271742137131,0.29926383699745707,0.6519936635930683,0.2982988093013383,0.6353439393734263,0.09010349706762652,0.3339569501919276,0.07421162322528335,0.010225255745934152,0.08828476739502862,0.16214769917677896,0.08346839447956936,0.0314247225603846,0.24416228162975065,0.6965274470071695,0.19263010995835536,0.6695599260799717,0.43929102056752645,0.5629751880810261,0.08653661145398123,0.5187698910629717,0.21687624002825162
0.245,0.9143431227227079,0.30261495906755637,0.6563361650557991,0.3041456090814435,0.6402331850567663,0.09245752582384471,0.3405582768221373,0.07906362552729208,0.01093277005652734,0.09344179722498155,0.16962383650817237,0.08831746555346111,0.03324276378938166,0.25433693645701755,0.7064275128544436,0.20024202200393992,0.6819434469160979,0.4529949422951529,0.5759963881967047,0.09116489447987632,0.5339539032357081,0.22647226500819026
0.2475,0.9143539261456738,0.30594262210985973,0.6605991742721653,0.30996673100930733,0.6450418214779329,0.09482722606938178,0.3471282912607913,0.08408312509151931,0.011672821946854903,0.09874946532261895,0.177206908967159,0.09330534832874039,0.03511954196558477,0.2645693696085952,0.7160107393058034,0.20794217855589697,0.6939229625406412,0.46654233639777126,0.5887320084325228,0.09592764430835425,0.5488846705333152,0.23620565746563713
0.25,0.9143626532434366,0.3082732371582525,0.6635440971900903,0.31403252327006176,0.6483642222829242,0.09650538166865229,0.3517083614048075,0.08775561751346228,0.012173319474441882,0.10266372088023983,0.1827831139285531,0.09701757951031623,0.03642117816398147,0.2719223512354406,0.72240861305361,0.21342138350200912,0.7019607066032092,0.47626195248622416,0.5975681366989444,0.09931126714398814,0.5593890850947322,0.2433204055184164
