0.0025,0.011503761234545532,7.015817766559158e-07,5.55133333318846e-06,7.790403346574277e-08,4.649580544691083e-06,1.5215464473724196e-08,8.237708677536098e-08,4.1516767540535866e-12,3.1749898808085195e-12,3.740761270273235e-12,4.9022703908977265e-11,3.886805921868476e-12,1.703740106205005e-11,4.473998828005318e-11,1.9946999172597127e-08,1.402333800858414e-10,1.5865144672062144e-11,6.967158064686515e-11,1.8622073054333382e-10,1.5804081110621342e-11,7.722378395710833e-11,6.634703757158593e-12
0.005,0.020009668749321332,3.2071937946679703e-06,1.2040050731765468e-05,4.1463462457441147e-07,1.3204222042478152e-05,8.490729416566676e-08,4.4840852944189014e-07,7.89581037188842e-12,7.0135749477035536e-12,1.0662529974838476e-11,2.8038245572818063e-10,1.4006909704403687e-11,7.894199917257655e-11,2.5587815149660287e-10,1.4797580815543618e-07,1.9517799738529516e-09,1.7712081440554003e-09,7.545575223858412e-10,2.8177355166525247e-09,1.8176179987910557e-10,8.326601625682055e-10,3.411159417130801e-11
0.0075,0.029121351597017155,9.87452149739885e-06,3.658916621151473e-05,1.3163358324437489e-06,3.8277332558323733e-05,2.806735123710289e-07,1.4484199783389684e-06,1.1090347608497803e-11,1.1163161753435098e-11,4.3074032833519453e-11,1.0304490140371406e-09,6.413245477986855e-11,2.2330088791176407e-10,9.47464300542929e-10,6.157251741487749e-07,1.0087525397427311e-08,1.0689023999019796e-08,3.994144392355307e-09,1.4091468481208052e-08,9.158816286160024e-10,4.392488978966176e-09,1.4646629774989257e-10
0.01,0.03834869190625308,2.3399649888935216e-05,8.535991510499273e-05,3.229225052137731e-06,8.583741809118351e-05,7.124835261369771e-07,3.59893731481989e-06,1.575738075511573e-11,1.615687505928701e-11,1.6799063946847097e-10,3.0926685960711256e-09,2.4650686242796895e-10,5.067863391083376e-10,2.8819133912150775e-09,1.8947846803949524e-06,3.4229323274180875e-08,3.588458634387149e-08,1.484057802855706e-08,4.4969470235071014e-08,3.154868989263573e-09,1.6258608593795303e-08,6.003478975556161e-10
0.0125,0.04758634365923775,4.710967399354395e-05,0.000168888133882159,6.74536612383345e-06,0.00016423981317166306,1.5317850695507203e-06,7.5853334418992615e-06,3.442942114093081e-11,2.6025235112591584e-11,5.441170005247872e-10,8.15955486718416e-09,7.786987076837052e-10,1.0314493576840283e-09,7.72916106376309e-09,4.803755420042302e-06,9.073719233410061e-08,8.78793700133363e-08,4.428120208817441e-08,1.0976565029419883e-07,8.666631571598073e-09,4.829868455268319e-08,2.1749007290124305e-09
0.015,0.05679169027579808,8.472244933842766e-05,0.00029816647211013185,1.2598741627298115e-05,0.0002816778669589954,2.931637155051445e-06,1.4251248049799886e-05,9.850761171132119e-11,5.3295320621769655e-11,1.5154966407618794e-09,1.9504023518251538e-08,2.1208888838037976e-09,1.9943052080579887e-09,1.879435744658623e-08,1.0614087989202684e-05,2.0358253863225895e-07,1.7203806870911926e-07,1.1344411404681309e-07,2.2136949583426072e-07,2.0451701575284774e-08,1.231280038905641e-07,6.798820297862639e-09
0.0175,0.06593582273825953,0.0001401881694033326,0.0004839802049398638,2.165245732061221e-05,0.0004456367073775382,5.144350602767706e-06,2.457720259231258e-05,2.715652166630225e-10,1.214484289087702e-10,3.7563349095958004e-09,4.2948025576476734e-08,5.155537543407752e-09,3.767813336328372e-09,4.207943621563458e-08,2.114362879426218e-05,4.041582198579715e-07,2.769846217021656e-07,2.594066711628918e-07,3.8227255436984285e-07,4.325114464151427e-08,2.8006492681622796e-07,1.8599403623007443e-08
0.02,0.07499271743301117,0.0002175269668627558,0.0007363667593323546,3.487843149451196e-05,0.0006622615401842511,8.4370116786359e-06,3.965282384622784e-05,6.88078577059188e-10,2.71594723701009e-10,8.486735767851057e-09,8.815941046515413e-08,1.1450142914110008e-08,7.019223884962572e-09,8.77392648656749e-08,3.882934726040822e-05,7.296794477098818e-07,3.5748174669857446e-07,5.427263313297913e-07,5.709765925408777e-07,8.418476839045475e-08,5.827524172969167e-07,4.550182897542133e-08
0.0225,0.08393516040572715,0.0003206773774927157,0.0010643397802449922,5.3332054028173005e-05,0.0009358202261490173,1.3105730178747385e-05,6.0644667679557805e-05,1.6138125019271886e-09,5.776474104964128e-10,1.7777940544664062e-08,1.7030867410242185e-07,2.3622149617911507e-08,1.2877516963693289e-08,1.719845157288013e-07,6.677256213433844e-05,1.2200422720232034e-06,3.1183516201219234e-07,1.0567164116288395e-06,7.238204025205347e-07,1.5354223052234388e-07,1.1284354924702728e-06,1.0149846226308177e-07
0.025,0.0927364556581313,0.00045335292624898123,0.0014760489378395328,7.812280559075535e-05,0.0012682658760070434,1.9469149632613547e-05,8.876333570693003e-05,3.54062698428346e-09,1.167825779585341e-09,3.496559627716497e-08,3.1210506914730164e-07,4.582475658395643e-08,2.3155589126026158e-08,3.194679882821555e-07,0.00010875535486747916,1.9130981139180357e-06,4.485771812332387e-08,1.9383467233479653e-06,7.126907023994742e-07,2.6575963596582044e-07,2.058751088204753e-06,2.0968357117640244e-07
0.0275,0.10136923603448746,0.0006189578781496292,0.001979196986571519,0.0001103841954520031,0.0016593196854519038,2.7861694065889353e-05,0.0001252327708008748,7.330706520615757e-09,2.255388489791291e-09,6.518840100136057e-08,5.462117831368709e-07,8.43686935864632e-08,4.0635733760681536e-08,5.661813229870688e-07,0.00016922459530614676,2.8385124353104993e-06,9.865488573247932e-07,3.380512655575881e-06,3.198277205981434e-07,4.4058925051621034e-07,3.5718324453181025e-06,4.0612444477050544e-07
0.03,0.10980788889148914,0.0008205020744094007,0.0025814647863342346,0.00015124139868474907,0.0021070109045791593,3.8626958087008606e-05,0.00017126520545435257,1.4426050845006622e-08,4.182124295864895e-09,1.1606834312836705e-07,9.180550263133054e-07,1.4849602664115926e-07,6.942490874218898e-08,9.628565828729833e-07,0.0002532484576649991,4.010373002337671e-06,2.961797519072856e-06,5.645407139863487e-06,7.684922136248449e-07,7.045057149450021e-07,5.935418851159192e-06,7.445958544534712e-07
0.0325,0.11802808568881304,0.0010606640508159892,0.003290782635027586,0.00020178604508933404,0.002608649474290488,5.2112089423611316e-05,0.00022802969253522863,2.7141130666792055e-08,7.478062756077693e-09,1.9854492438893855e-07,1.4889436570772157e-06,2.5131489563972064e-07,1.1538248977947285e-07,1.5788482854825195e-06,0.0003664468824103632,5.418985931691696e-06,6.584943047150779e-06,9.078422666686618e-06,3.013967602659523e-06,1.0923036987197192e-06,9.500457305486875e-06,1.3021542789672593e-06
0.035,0.1260080875277044,0.0013417815860133303,0.004114920947717971,0.0002630420719234222,0.0031619190969377924,6.866188962784704e-05,0.00029664420826194267,4.905777017057054e-08,1.2941072945103257e-08,3.278725834112766e-07,2.3395471192134004e-06,4.108942374503438e-07,1.8662542350501506e-07,2.5064865374870764e-06,0.0005148991156527824,7.0219846150893455e-06,1.2681982309060312e-05,1.4122248795829653e-05,7.063443312115765e-06,1.648946715993296e-06,1.4714916180319187e-05,2.1855215938850655e-06
0.0375,0.13372859442917673,0.0016659540939795432,0.005061606854871651,0.0003359520238072299,0.0037656072553033737,8.861614979475916e-05,0.0003781488109716186,8.554123503352679e-08,2.1740022856382128e-08,5.247927466332612e-07,3.5735589425238203e-06,6.51542622646696e-07,2.941104492669621e-07,3.865752215033521e-06,0.0007050261255461062,8.73535015129424e-06,2.2319434373319588e-05,2.1330496225236304e-05,1.3748497658151272e-05,2.431598598331824e-06,2.213724790953958e-05,3.5381242477010778e-06
0.04,0.14117355837635367,0.0020351044330035473,0.006137456552515297,0.0004213508128639978,0.0044203848652991755,0.00011230598924592799,0.0004735036025111985,1.4439697351855908e-07,3.554559719425225e-08,8.168614004370932e-07,5.321655834782935e-06,1.0052233349793895e-06,4.5228237976400087e-07,5.809333209008991e-06,0.0009434861843865056,1.0424700717234921e-05,3.683002669772326e-05,3.138041233962099e-05,2.4116968040534706e-05,3.5118181718262675e-06,3.244903095554096e-05,5.5477453018351035e-06
0.0425,0.1483304129580175,0.002451048048390039,0.007347680843496351,0.0005199537600242039,0.005128039366444243,0.00014004929518109357,0.0005835686001306335,2.3668487427309692e-07,5.6691370256858354e-08,1.2399584934055711e-06,7.74532541839104e-06,1.5131399658915104e-06,6.79808323044934e-07,8.52775486582538e-06,0.0012370180365834616,1.1897010459855353e-05,5.78319750352844e-05,4.5083913342385536e-05,3.944990976606472e-05,4.9779406522012354e-06,4.6465873828738084e-05,8.454472393087735e-06
0.045,0.15518957800938327,0.002915490340203684,0.008696331472703734,0.000632348575781025,0.005891969576559043,0.0001721526497550544,0.0007091076170201331,3.777043923498522e-07,8.837087531008786e-08,1.839942691287337e-06,1.1041017301752067e-05,2.2274512807977404e-06,1.00034740204205e-06,1.2254649549628468e-05,0.0015923265636848486,1.2893604341155912e-05,8.724321047132264e-05,6.339743577888082e-05,6.127391085135584e-05,6.937515848544621e-06,6.514766262339703e-05,1.255889068676363e-05
0.0475,0.16174490510092296,0.0034300989377931694,0.010185257627635783,0.000758981126640964,0.006715660981579204,0.00020891441657755228,0.000850772450362886,5.881618692625334e-07,1.3486980129287412e-07,2.674426140079386e-06,1.5443926228672947e-05,3.2131005641959633e-06,1.4433841493164414e-06,1.7271938096302117e-05,0.002015931731258368,1.3084631837377375e-05,0.00012728395827510316,8.742749851390168e-05,9.136653235595331e-05,9.519715532820803e-06,8.960464515736692e-05,1.8230292860679135e-05
0.05,0.16799246322083447,0.003996324455871158,0.011814712386362036,0.0009001780360482216,0.007602839604064147,0.00025061370910943085,0.0010090994021538845,8.95524064625887e-07,2.0183761946141644e-07,3.8147489123932084e-06,2.123169628391149e-05,4.549727429882574e-06,2.0451070272685953e-06,2.3914721213283964e-05,0.0025140558565334707,1.2067144691462165e-05,0.0001804756919546976,0.0001184363083676909,0.00013175604061501847,1.287792656288407e-05,0.00012110284642166184,2.5914420880489473e-05
0.0525,0.17393088380843208,0.004615687439647716,0.013583547204254209,0.0010561260900263218,0.008556567573519698,0.0002975209486204821,0.0011845094879548803,1.3355634286271202e-06,2.9660035427348556e-07,5.347827206685379e-06,2.8727917912839736e-05,6.33362465823016e-06,2.849273301374743e-06,3.257573745263451e-05,0.003092446095327057,9.376082840136148e-06,0.0002496257856315438,0.0001578413074341829,0.00018471282682681816,1.7192021363937323e-05,0.00016106590123852815,3.614118681964149e-05
0.055,0.17956165287503095,0.005289272281555123,0.015488836691864072,0.0012269085633260352,0.009578953724768403,0.00034989696990076976,0.001377298469308641,1.9540819840990744e-06,4.285131100333657e-07,7.378399686065199e-06,3.830471330244931e-05,8.679774757864008e-06,3.908155175723857e-06,4.370983058447539e-05,0.0037563562652552594,4.631679288527241e-06,0.0003378112958246096,0.00020721326028663622,0.00025273333232049853,2.2670692674345255e-05,0.0002110723277589856,4.953113129512333e-05
0.0575,0.1848868523070973,0.006018232856489252,0.01752680499791843,0.0014125027660558576,0.010671670421286923,0.0004079872956320763,0.0015876284313164114,2.808794781975776e-06,6.093476573426807e-07,1.0030944243708985e-05,5.0385541884401635e-05,1.172372813592602e-05,5.28334912062141e-06,5.7836568238582226e-05,0.004510322967265082,4.217366144970045e-06,0.00044834140035391684,0.00026827043357927457,0.00033852502921813876,2.9553517387145676e-05,0.00027285237664560785,6.680135972109572e-05
0.06,0.1899117978586607,0.0068031591466161685,0.019692526460044227,0.0016128111058808874,0.011834850944970507,0.00047202803629190464,0.0018155490940269736,3.971392462946732e-06,8.537308446807713e-07,1.345177604445067e-05,6.544749118717702e-05,1.5623597008295962e-05,7.046689645666675e-06,7.554318372693473e-05,0.005358178710501282,1.5010061100826954e-05,0.0005847253146855215,0.000342869800418709,0.000444969426423611,3.8112290339370523e-05,0.00034827622200951625,8.876973158648394e-05
0.0625,0.19464142353838756,0.007644530342421627,0.021979977251308264,0.0018276788343906693,0.013068231525868761,0.0005422482369641613,0.0020609686093250915,5.529703435134689e-06,1.1795926504370715e-06,1.781105147686396e-05,8.402097174511142e-05,2.0561863805397618e-05,9.281034145145356e-06,9.74862988678766e-05,0.006302849927657408,3.0507035687870642e-05,0.0007506304448064238,0.0004329957657642915,0.0005750943558442507,4.8653411492910137e-05,0.00043935068676415864,0.00011635946410740001
0.065,0.1990831126023024,0.008542468708346693,0.024382840839110746,0.002056910517289987,0.014370546866162761,0.0006188575310828244,0.0023236858034383027,7.589899862403273e-06,1.6086733960137787e-06,2.3304640521991474e-05,0.00010669220177995,2.6746968833327953e-05,1.208103381619081e-05,0.0001243924225137453,0.007346450488982495,5.124267555051034e-05,0.0009498191387732358,0.0005407342534630811,0.0007320377371097054,6.151826599451875e-05,0.0005481878692105218,0.00015059987670362716
0.0675,0.2032450865418169,0.009496693935171812,0.026894858913439297,0.0023003342580334815,0.015740165374167392,0.0007020545841271348,0.0026033864655545655,1.0278875224396882e-05,2.167024722698894e-06,3.015573390684336e-05,0.0001341004881852261,3.441495619754164e-05,1.5553705094168803e-05,0.00015705617759455176,0.008490104508734934,7.809715207105777e-05,0.001186112387330472,0.0006682733663180226,0.000919004967166845,7.708412847021021e-05,0.0006770093760679635,0.00019262692532208149
0.07,0.20713608812870152,0.010506584758644504,0.02950788890781311,0.002557763669208216,0.017174495353908477,0.0007920330739719732,0.002899666827829824,1.3746531605654085e-05,2.88555807584885e-06,3.861640432862812e-05,0.00016693902091499384,4.383025307269463e-05,1.981909421441812e-05,0.00019634071459562476,0.009734010897504345,0.00011203205071305877,0.0014633321857575735,0.0008178587308194572,0.0011392235086379072,9.576379356947905e-05,0.0008281006949715298,0.00024368214594778836
0.0725,0.21076522042278487,0.011571265167325264,0.0322144826992495,0.0028290615110880195,0.018671118238883126,0.0008889600842297342,0.00321200836864228,1.816802066992425e-05,3.800540853797287e-06,4.896901199335767e-05,0.00020595131069626828,5.5287079455036735e-05,2.5010594996663426e-05,0.00024317271907849762,0.011077342972342264,0.00015406191162427465,0.0017851999255051835,0.0009917831417540245,0.0013958944143094027,0.00011800700792479641,0.0010038086994443548,0.00030511294521059335
0.075,0.21414259121316723,0.012689199385694079,0.03500743106207788,0.003114166909988775,0.02022664736427451,0.0009929916870152352,0.003539904024246827,2.37460064679874e-05,4.954236734872592e-06,6.152681566726299e-05,0.0002519298141847346,6.911043487656802e-05,3.1275425980985215e-05,0.00029853762975553665,0.012518351719834895,0.00020524126099378572,0.0021553863622468094,0.0011923600033107418,0.0016921780627674537,0.00014429748927564985,0.0012064970237759907,0.000378357002821054
0.0775,0.21728074307243211,0.013858819829488337,0.037878534364626036,0.003413083621512264,0.021837264621309218,0.0011042684553471212,0.003882755766890302,3.0712807428632005e-05,6.395324256335777e-06,7.663518472970265e-05,0.0003057058307589093,8.565555764100755e-05,3.877484208935935e-05,0.00036347464202587834,0.01405432243065948,0.0002666517016054266,0.0025773270919022817,0.0014218909716765457,0.0020310947732650967,0.00017515378093071194,0.0014385377349889204,0.0004649520529080537
0.08,0.2201904620142751,0.015078176891006791,0.0408195875976421,0.0037259337462573244,0.023500073004422577,0.0012229290370532665,0.004239997936197244,3.9331489601069485e-05,8.179459599999796e-06,9.467127350793577e-05,0.00036815921673000955,0.0001053079773721886,4.768332147709201e-05,0.00043907584785637916,0.015681651903482998,0.0003393973044211911,0.003054315685073958,0.0016826335717410035,0.0024155316208069005,0.00021112597762494288,0.0017022714422762258,0.000566511408316466
0.0825,0.22288030249233748,0.01634487822232285,0.04382283586827942,0.004052922311253842,0.02521177524619524,0.0013490821122769127,0.004611050002324572,4.9898832380585664e-05,1.0369773996717699e-05,0.00011604383028124342,0.00044019071526429476,0.00012848375408443187,5.818988881593874e-05,0.0005264669499448818,0.017395898785259264,0.00042458930569145106,0.0035893213585906736,0.0019767907795463116,0.0028482157570449214,0.00025279509012224956,0.001999977156291058,0.0006847335233975553
0.085,0.225362611500997,0.017656426560988994,0.04688064584890283,0.004394374656526464,0.026966962977763888,0.0014828409377582255,0.004995460109173854,6.274539603875502e-05,1.3037350501661382e-05,0.00014119339110165918,0.0005227426762670807,0.00015562794904521539,7.049682800855306e-05,0.0006268081498463298,0.019191819295276063,0.0005233360008842748,0.004185109214755927,0.002306464187609914,0.003331592045014718,0.0003007672831015344,0.002333859415383513,0.0008213679829729444
0.0875,0.2276498825030441,0.019010125988710703,0.04998510820372416,0.0047508085203695795,0.028762228337635868,0.0016243166460453728,0.005392827172348737,7.823692792122993e-05,1.6261524587698458e-05,0.00017059068545729236,0.0006167625585909185,0.0001872138470672007,8.481895291376925e-05,0.0007412817030317742,0.021063563612295947,0.0006367385952715549,0.004844106489173667,0.0026736274610121495,0.0038679748529726683,0.00035567428577934165,0.0027060011281542363,0.000978231625169782
0.09,0.22975434408551615,0.020402890100113705,0.05312804279608967,0.005122646459743587,0.030593672947152227,0.0017736067102242,0.005802879271791614,9.677438775268854e-05,2.0130317614923188e-05,0.00020473498749515618,0.0007232248069162782,0.00022374040759753385,0.00010138387996759219,0.0008710773094842378,0.02300467182942475,0.0007658815676379474,0.005568485533750137,0.0030801705118384728,0.004459288669240633,0.00041817189333090725,0.003118402576575616,0.001157173902865911
0.0925,0.23168493366462575,0.021831770887457864,0.05630290323959826,0.0055106869574037395,0.03245789589640777,0.0019308205415249833,0.00622550944322869,0.00011879513058240878,2.4740514490493215e-05,0.0002441540581748639,0.0008430990262274873,0.0002657301663142198,0.00012043029872828211,0.00101739526997194,0.02500807354541911,0.0009118156760835001,0.006360161651060362,0.0035277620168726108,0.005107295246429783,0.0004889296359163661,0.003572895135169784,0.001360083482502185
0.095,0.23345297049594135,0.02329350905995597,0.05950216214765652,0.0059155811448026,0.03434924159404409,0.002096073449971352,0.006660785125762107,0.00014477109972376248,3.019852120138111e-05,0.00028939705259475683,0.0009773553488747271,0.0003137322297335356,0.00014220787048456457,0.0011814205585644552,0.02706671075231371,0.0010755667299971099,0.00722071219433249,0.00401795195206172,0.00581338939486644,0.0005686308576057436,0.00407111785897852,0.0015888745783594067
0.0975,0.23507237061530256,0.024785018352575256,0.06271907698021478,0.006338184284373163,0.03626522838593877,0.0022695055796471673,0.007108826477419846,0.0001752084229329099,3.661923942634374e-05,0.0003410391506671648,0.0011269534740327755,0.00036830285087205016,0.00016697558725405477,0.0013643257832232764,0.029172823531828963,0.0012581109115622374,0.008151618297748726,0.004552107053907118,0.006578727883255321,0.000657970250804472,0.004614632578870323,0.0018454779032086117
0.1,0.2365492154360854,0.026302964237875186,0.06594649838226449,0.006779329719792607,0.03820085202304383,0.0024512273951486294,0.007570134703203567,0.00021064606972854676,4.4127461399759714e-05,0.00039967261537530703,0.0012928377980889118,0.0004300268731425309,0.00019500054733809412,0.0015672467269510634,0.031319174131640044,0.0014603868866136008,0.009154109897718594,0.005131460933093333,0.007404167786891094,0.0007576461600696762,0.005204836999666731,0.0021318528892997394
0.1025,0.23789683584112462,0.027844207096607898,0.06917912358821629,0.007239980666517403,0.04015309302725112,0.0026414198323522625,0.008045227939684206,0.0002516533526715634,5.2856466124074014e-05,0.0004659080909390098,0.0014759239267745296,0.0004994911840542487,0.00022655756521649308,0.001791288572478962,0.03349821312066709,0.0016832741644506976,0.010229356374615771,0.0057570747868975775,0.008290261073993091,0.0008683603385998319,0.005842958947805029,0.0024499712400433958
0.105,0.23912320357558758,0.029405704575008722,0.07240992177566284,0.007720980601578202,0.042117644390830364,0.002840262323613533,0.008534826783490155,0.0002988290840673717,6.29494363390372e-05,0.0005403671543549757,0.0016770832719226062,0.0005772975979709936,0.0002619239506503915,0.002037501545988358,0.03570276895839902,0.0019276037283507876,0.011378435928056728,0.006429944742418788,0.009237328476226481,0.0009908198580339223,0.006530177747122833,0.002801841799877306
0.1075,0.24023679542949575,0.030984171685588847,0.07563403087781238,0.008223348840056367,0.04409101591745249,0.0030479228590354333,0.009039959176037358,0.00035279663820937603,7.455726807567219e-05,0.0006236751221251378,0.001897155040318058,0.0006640452876094941,0.0003013858443636135,0.002306900628742809,0.03792611219985666,0.0021941456774404755,0.012602478623455846,0.007150914566606676,0.010245339937635722,0.0011257119251921082,0.007267538650210951,0.003189536910882429
0.11,0.2412483644898821,0.03257671292327279,0.07884613904329248,0.008747724294087444,0.04607035687650518,0.0032646070931708665,0.00956161153648554,0.00041419828783113323,8.784019314160808e-05,0.0007164750963068221,0.0021369417731601863,0.0007603402224217371,0.00034522482831755115,0.002600422459601623,0.04016197403231054,0.0024835884117044007,0.013902752346920542,0.007920893221343818,0.011314101313802383,0.0012737352801256306,0.00805608235132907,0.0036151992351533845
0.1125,0.24216492006680224,0.03418120919352775,0.08204131356817737,0.009294940436184654,0.04805204769344911,0.0034905274241212258,0.010100969748838725,0.0004836986868157154,0.00010296529913294555,0.0008193972213282483,0.0023971708754722686,0.000866783085180935,0.0003937318603138035,0.002918927068564785,0.042405052081704225,0.0027965577533802443,0.015280490604460269,0.008740729924987842,0.012443072323459233,0.0014355609085233674,0.00889688880507193,0.004081071705530952
0.115,0.24299461340652803,0.03579427833399495,0.08521608561580238,0.009865793383690289,0.050032899318071214,0.00372600252229442,0.010659202675407238,0.0005619714167127142,0.00012010754745514101,0.0009330810282707199,0.002678510851349747,0.000983966236981808,0.00044718981291026077,0.003263241738940507,0.04465121359611516,0.003133617334217998,0.016737276952385905,0.009611426390609756,0.013631601037313307,0.0016118613295848466,0.00979108428175658,0.004589597078777527
0.1175,0.24374610917012204,0.0374131907970505,0.08836509719190519,0.010460809291522344,0.05201064040517602,0.003971102672264235,0.011237634999106863,0.0006497071982850579,0.0001394483046563623,0.0010581481598570038,0.002981598071716268,0.0011124678791000493,0.0005058845572572605,0.003634064826233105,0.04689664152747732,0.003495234802776167,0.018274922165624066,0.010534081164709264,0.014878641717823592,0.0018032894822543669,0.010739897822014304,0.005143394185379513
0.12,0.24442185492314134,0.03903651902429197,0.0914856132423961,0.011080398736327234,0.05398267333208254,0.0042261770985830005,0.01183758397874669,0.0007475944224303714,0.0001611744567821829,0.0011952333184571313,0.0033069442284656544,0.00125285663334825,0.0005700879091007428,0.00403203159694049,0.04913943593063263,0.003881782957904593,0.01989528422430359,0.01151008842785669,0.016183068165762027,0.002010483607486427,0.01174480424514792,0.005745412636038498
0.1225,0.24503294170240397,0.04066132897124315,0.09457430948030858,0.011725188398192673,0.05594587614344497,0.004491398969485431,0.012460174054942232,0.0008563263486480336,0.00018547794055658823,0.0013449282603984006,0.0036550339569018197,0.0014056866817526473,0.0006400780328722319,0.004457732852170824,0.05137849150671906,0.004293552024425524,0.021600642144748876,0.012541107045073961,0.01754353107668859,0.0022340705140165905,0.012807428862577177,0.006398898535336913
0.125,0.24558151842280765,0.042286413943851686,0.09762901789365114,0.01239513336855135,0.057898927611591114,0.004766966724741226,0.013106760650335779,0.000976596765615073,0.0002125548371146215,0.0015078290823353118,0.00402623259502105,0.0015714940005588534,0.000716119407503629,0.004911618164231118,0.05361425682596951,0.004730719914160444,0.02339345085252499,0.013629090566866838,0.018958536049303597,0.0024746618946371265,0.013929754950564078,0.0071075904508804445
0.1275,0.2460780258507267,0.04390902217039211,0.10064612092444812,0.013090359697770136,0.05983912413160285,0.005053128475835443,0.013778315980731039,0.0011090980162472056,0.0002426038250369635,0.0016845103441227595,0.0044208557839351525,0.0017507723366787288,0.0007984674484804766,0.005394076592392781,0.055848550800226236,0.0051933328149341255,0.025276644320965692,0.014776451326053056,0.020426447231099182,0.002732851083377269,0.015113959871825943,0.007875671153269979
0.13,0.24652203789642838,0.04552865877598451,0.10362416941136124,0.013811080696182238,0.061764876539473205,0.005350141601902348,0.014475888654780125,0.0012545068411178566,0.00027582606121513123,0.0018755260564909378,0.004839099441316396,0.0019440287872156269,0.0008873700876620893,0.005905433885645858,0.058084249868564225,0.005681355581145007,0.027252879431166648,0.015986036174535524,0.02194571510577959,0.0030092256877670073,0.01636267020481477,0.008707987960412108
0.1325,0.2469208534339574,0.04714296091559755,0.10656082087830189,0.014556936652270591,0.06367481305396373,0.005658051791038379,0.015200314551313003,0.0014135073102125302,0.00031242606438256404,0.0020814067038307125,0.005281104273678736,0.002151729465036126,0.000983061653934752,0.006445851599174105,0.06032418534685288,0.006194557294060757,0.02932506943908605,0.017260979924794254,0.023514520591043597,0.003304334139732762,0.01767875469444322,0.009609926924008574
0.135,0.24727931704983852,0.04875088524875955,0.1094547928434176,0.015327718963439154,0.06556744479954547,0.005976978475863082,0.01595218165101,0.0015867679964102622,0.00035260128072027203,0.002302656318051486,0.0057468478666106776,0.002374335406613972,0.0010857607865364912,0.007015498225059335,0.06257411320742844,0.006732694784582807,0.03149638372338157,0.01860491767022394,0.025131576776580074,0.0036187419528015967,0.019065388588165397,0.01058758849871152
0.1375,0.24760041027144258,0.05035162410326819,0.11230558151687485,0.016123099435717336,0.06744123244524712,0.0063071838897957215,0.01673221105493255,0.0017749593652445998,0.00039655104001298444,0.002539770090429878,0.006236273972383021,0.0026122595573526658,0.001195678561600571,0.0076143880447178776,0.0648381023127891,0.0072953060888185095,0.033770119746098434,0.020021710637184824,0.026795373522421662,0.003952967068668886,0.02052589211407881,0.011647857930049788
0.14,0.24788665037491958,0.051943987824254086,0.11511094939038484,0.016942569639135124,0.06929531195131254,0.006648624003146844,0.0175406154011018,0.00197874681557592,0.0004444775117483818,0.002793171341727268,0.0067492007959510285,0.002865920429043478,0.001313003292697663,0.008242499689510881,0.06712219674843196,0.007881749245746989,0.036148651636540845,0.02151554483966949,0.02850512559422946,0.004307550346288795,0.022063863719275833,0.012798150018545113
0.1425,0.24814397467779725,0.053526499308840486,0.11787064555087376,0.017785579330412495,0.07112854940191354,0.007001419472990374,0.01837758203595672,0.002198827626745462,0.0004965726435034387,0.0030633040048573556,0.007285296231843615,0.003135728491201229,0.001437912185666507,0.00889967028514358,0.069430071474957,0.008491376998043658,0.038635747328855365,0.023090665390870378,0.030259928380574744,0.0046830067420592465,0.023683122052714885,0.014046623651941257
0.145,0.2483740216901224,0.055099439306367896,0.12058442999886956,0.018651202102093107,0.07294002312308981,0.007365650710055644,0.019243159313323162,0.0024359064761618346,0.0005530282337595772,0.0033505581725519025,0.007844139218777543,0.0034220668823273064,0.0015705648705559134,0.00958571581413339,0.07176733247713439,0.00912339283839511,0.04123264142681244,0.024751254679274536,0.03205975411901652,0.00507978712417689,0.025386943841339413,0.015401934204990671
0.1475,0.24857792930061692,0.0566614832896223,0.12325076056185315,0.01953942567828295,0.07472928296927284,0.007741182378015435,0.020137135918355215,0.0026906948442657333,0.000614026303944451,0.0036552827015592848,0.008425218399172561,0.003725349085855384,0.00171109325257614,0.010300366323033838,0.07413658332934424,0.009776846393615334,0.04394205236465422,0.02650123945424195,0.033905302785635895,0.005498362890733535,0.027179165900865478,0.016873237232846373
0.15,0.24876122628568556,0.05821202648319357,0.12587093541218952,0.020448536229869713,0.07649575989433516,0.00812817552606851,0.021059196022273362,0.0029639725956509444,0.0006797473088001789,0.003977816753411357,0.009027889593324085,0.0040459540912403695,0.0018596190332969354,0.01104334643457076,0.07654061263262579,0.010450714510341078,0.04676537845998958,0.02834453756807118,0.035796950521558166,0.005939150048835045,0.029062964547164886,0.01846982343358761
0.1525,0.24892416057778213,0.05975062220988397,0.12844415321237918,0.02137840811357756,0.0782382263757026,0.008526430348382887,0.022008753525583173,0.0032565920699342108,0.000750357479905087,0.004318404681954511,0.009651355382522627,0.004384279652661468,0.0020162383446856885,0.011814315974918489,0.0789815647007007,0.011143938496736273,0.049701570031726504,0.03028423853378692,0.03773717692105912,0.006402600173734246,0.031041235293823938,0.020201214449647602
0.155,0.24906812622902455,0.06127748633410204,0.13097003079087335,0.022327656087874043,0.07995749876673867,0.008936023830596915,0.022985662307271476,0.0035694235977640405,0.0008260316889361351,0.004677306164814981,0.010294739076529695,0.004740725768152827,0.0021810300267331544,0.012612912417056896,0.08145783656456268,0.011855415593822631,0.05275243289743141,0.03232268571815465,0.039728015074603246,0.006889004322735826,0.0331172487272381,0.022076759348042697
0.1575,0.2491983950938062,0.06279135320856159,0.13344946287870937,0.023295531063894172,0.08165251517405273,0.009356770470779905,0.023988627260384417,0.0039035102451484777,0.0009069037507573704,0.0050546875255841756,0.010957050181508875,0.005115716063844594,0.0023540156860504848,0.01343881308499781,0.08396746375093944,0.012584077650801512,0.055914393009197934,0.0344614819622291,0.041771733551331125,0.0073986881454900354,0.035292165195676774,0.02410555476665155
0.16,0.24931284985327115,0.06429321718382669,0.13588248536512923,0.024281164396676998,0.08332292267697745,0.009788676123389633,0.025017381145829447,0.004259901171087373,0.000993134142558816,0.005450689978001616,0.01163718922627763,0.0055096904139220245,0.002535267920965829,0.014291789733871864,0.08650702748797803,0.013328818038905234,0.059185029741470385,0.03670198960130272,0.04387204201619065,0.00793192161503656,0.03756873352557583,0.026295599513724375
0.1625,0.2494140666718688,0.06578163040027497,0.13826993190250392,0.025284331263390386,0.08496892713902293,0.010231487910029188,0.026070345886179156,0.004639859492715141,0.0010848570383696471,0.0058653678593553775,0.012334003355481482,0.005923074555917491,0.002724749390744762,0.01517161054264649,0.08907293026475592,0.014088668642634508,0.06256099353813067,0.03904353889309228,0.04603129458606254,0.008488846868499758,0.03994706072261267,0.0286547429630244
0.165,0.24950411155424226,0.06725740199199093,0.14061102426993316,0.026302120824685613,0.08659046889071301,0.010685072422655536,0.027146721956306484,0.005044711705954407,0.0011821929397633072,0.006298735202831395,0.013046306800367965,0.006356354119541596,0.0029224389089237135,0.01607827457703072,0.09165689441866323,0.014862538034344298,0.06603414674272072,0.04148510468904585,0.04825582296636291,0.009069517887792814,0.04242780219934861,0.031189520080617303
0.1675,0.24958472417074687,0.06872006091921844,0.14290789318403746,0.027335383978862163,0.08818705863565283,0.011149383156349146,0.02824592505569589,0.005475951747541179,0.0012852555974262278,0.00675070181275952,0.013772798916543995,0.006810000612766195,0.003128276081625683,0.017011889142956024,0.09425262942477831,0.015649691738511558,0.06960000783378004,0.044023970457799246,0.050545337412321,0.00967404789494265,0.04501145567394894,0.03390527669518226
0.17,0.24965450733188557,0.07016966419991859,0.1451602790902102,0.02838187328511694,0.08975922066855693,0.011624046247493136,0.02936655547105145,0.00593522201496418,0.0013941523271670533,0.007221093546103454,0.014512228504280224,0.00728451882692326,0.003342189475637445,0.01797276989424062,0.09685212084325209,0.016449447479845343,0.0732467980535704,0.04665900805157613,0.05290429992214311,0.010302235361221648,0.04769679212630167,0.03680457813850755
0.1725,0.24971869626015886,0.07160511567656128,0.1473689360930212,0.02944150019415478,0.09130691827071077,0.012109207380310983,0.030506984397013864,0.006424335398894268,0.0015089707141102647,0.007709693362171932,0.015263365511278453,0.007780375284061943,0.0035640493949721185,0.01896142383117157,0.09944746847699772,0.01726125459598474,0.07696548214187118,0.04938382896848142,0.05533494113181942,0.0109538912510642,0.050482947309529236,0.03989096855948361
0.175,0.24977411600035115,0.07302847874520049,0.1495342652977257,0.030512504101337594,0.09283030407021217,0.012604381164266357,0.03166675437330054,0.006945165586127499,0.0016297961822293874,0.008216115793474227,0.016025084354357986,0.008298037143385392,0.0037937442703682095,0.01997884359247779,0.10202888698098862,0.018084882897623434,0.08074435462338155,0.05219456198268556,0.057838734235604615,0.011628629792199547,0.053368502222759955,0.04316390691078064
0.1775,0.249822893925328,0.07443850003014203,0.1516569446919146,0.031595075584388926,0.09432926995727867,0.013109592477745657,0.03284428920652818,0.007499772870417167,0.001756691784859507,0.008739939150363942,0.0167961715530589,0.008837985529376736,0.004031095882491285,0.021025673360744537,0.10458862326700423,0.018920140254928126,0.08457126863035452,0.05508374024570557,0.06041543114654386,0.012326049839614946,0.05634798803698124,0.04662153981592694
0.18,0.24986515259859662,0.07583523266404413,0.15373850939831418,0.03268736002406003,0.09580405944090971,0.01362442756140174,0.03403831096197347,0.008090275018958757,0.0018897186115771352,0.009280633910055883,0.017575759034858845,0.009400694545515948,0.004275912293895426,0.02210390251795897,0.10711543909426981,0.01976739552118545,0.08842934160403931,0.058047817570745355,0.06306338818847725,0.01304539842720355,0.05942207925991206,0.05026016113386082
0.1825,0.24990516390274053,0.07721905848926265,0.1557787547764644,0.033788094532987145,0.09725511287796766,0.014148771009385348,0.035247813740739944,0.008718849263772937,0.002028921958955997,0.00983755468592053,0.018363152989113916,0.009986434921132851,0.004527993552209896,0.023214635127977012,0.10960431833435698,0.020626650541237027,0.09230465941878623,0.06107630747975368,0.06578266436820764,0.013785894542733969,0.06258339074048305,0.054075585935271904
0.185,0.24993856078377774,0.07859014683982976,0.1577793062090994,0.034897924538522924,0.09868218578803503,0.014682482621459785,0.03647147997078915,0.009387811259149913,0.002174338099438926,0.010409984102771358,0.019157720483584433,0.010595612594564189,0.004787077963516488,0.0243599670344565,0.11204548546105628,0.02149855268797455,0.09618290727527357,0.06416411915436161,0.06856748162978654,0.014546599732099211,0.06582975255539995,0.058058571241449905
0.1875,0.2499683828881201,0.07994903455561256,0.15974026863473317,0.03601401247021273,0.10008610604283188,0.015225195349594926,0.037708067026386294,0.010099204751909913,0.0023259729897018096,0.010997096051989855,0.01995903024136006,0.011228478751671015,0.005052974902408608,0.025542194183586442,0.1144346568169287,0.022384062137727916,0.10004682442326808,0.06730191368115648,0.07141448629863519,0.0153264451191771,0.06915362635002725,0.06219796730439359
0.19,0.24999385639252017,0.08129374436640517,0.1616624315979593,0.0371367828791615,0.10146674389698716,0.015776918003907472,0.03895666961336903,0.010855403612332408,0.0024838372054093506,0.011598058366502758,0.02076701796662822,0.011885131640515061,0.005325395887248537,0.02676317772241043,0.11676436315792721,0.023283886154189158,0.10388150347174284,0.07047900443914126,0.07431658225749325,0.016124090542835222,0.07254994192651917,0.06648378968027144
0.1925,0.25001588779240447,0.08262733033629764,0.16354718372023916,0.03826521103481582,0.10282446839746787,0.016337166707786115,0.04021562958811214,0.011658295443617446,0.0026479389980578537,0.012211900657692629,0.021582105676098664,0.012565725824515279,0.005604089982581162,0.028024690671371758,0.1190298021808191,0.02419969568941061,0.10767047554033117,0.07368843197680673,0.07726581745898597,0.01693815334001905,0.07601157967304999,0.07090266805962205
0.195,0.25003647903853676,0.08394802835491368,0.16539457263957696,0.039398832690507715,0.10416001961280234,0.016905860504340765,0.04148444639995693,0.012509874035008212,0.002818255083860369,0.01283773120562438,0.022404489077593483,0.01327015740486417,0.005888788667716286,0.029330620269500413,0.12122681673191966,0.025132713152641636,0.11140052272621896,0.07692071148046775,0.0802570339553646,0.017766951722600427,0.07952896314509007,0.07543841503241756
0.1975,0.250053953480236,0.08525595221225689,0.1672058908378815,0.040536028857352226,0.10547294780711436,0.017482676444376233,0.04276199967407323,0.013411881841126676,0.0029947743822894926,0.013474561887824523,0.023235241105162535,0.01399832179192761,0.006179250227263307,0.03068150076368101,0.1233560979616862,0.026084431231046045,0.11505433700428243,0.08016640038900213,0.08327819115582394,0.01860897084684877,0.08309473430139322,0.08007307899625851
0.2,0.25006934073528436,0.08655278025714015,0.16898192977850898,0.0416762787944675,0.10676364846251372,0.01806755352541686,0.04404662453723881,0.014365588186407765,0.0031774066171543977,0.014121551760832093,0.024075018481006173,0.014749970078970453,0.006475252486184748,0.03207996074796414,0.1254111590986659,0.02705705875143483,0.11861952463103122,0.08341422535432205,0.08632079944612381,0.019462248324906083,0.08669968301288013,0.08478995148597528
0.2025,0.25008214732888184,0.08783703261936814,0.17072298176542933,0.04282031959437736,0.10803296842145314,0.018660216594613678,0.04533764138733108,0.015372305160771618,0.0033661491687463152,0.01477781300598726,0.024925095182905536,0.015524668991414204,0.0067765921460186404,0.033527526909235925,0.12739581507330802,0.028050507311189996,0.122087243095369,0.08665735987627644,0.0893751983567817,0.020324717810943846,0.09033340944725224,0.08957032729032081
0.205,0.2500931836680482,0.08910925394277736,0.17243021242498988,0.04396499075544164,0.10928096043656767,0.019260307786190044,0.04663476264478649,0.016433037588027364,0.003560898743269084,0.015442529926130755,0.025787282235270326,0.01632204540916843,0.007083010823091259,0.035025168992878726,0.1293082039054575,0.029069625320740634,0.12544191435796287,0.08988557008826051,0.09243068162761335,0.021194392202655222,0.09398420890376251,0.09438966028480196
0.2075,0.2501040717121806,0.09036984353334132,0.17410422061332714,0.04511208061707801,0.11050791276389563,0.019867613454312878,0.04793583210656355,0.017548139016959088,0.0037615881551010394,0.01611509968342412,0.026662867051354726,0.01714149120910183,0.007394453464993419,0.03657389199465131,0.1311482049511399,0.03011433651021331,0.1286799761326256,0.09308919562299804,0.09547753323014543,0.02206927962680782,0.0976419843846248,0.09922974975265761
0.21,0.2501131338588254,0.09161919690989734,0.1757454615731722,0.04625952117832818,0.11171396158776135,0.020482088832562844,0.04924105321710327,0.01871802921242879,0.003968146260388397,0.016795142860954747,0.02755381343826849,0.01798231800283942,0.007710725230563641,0.03817430452439713,0.13291936669618126,0.031187808241120916,0.1317899605528747,0.09625859339900766,0.09850452540530519,0.022946916388391893,0.10129407237314447,0.10406700946997631
0.2125,0.250120866976979,0.092856813568573,0.17735524847439865,0.047406871944448606,0.11289986278536737,0.0211033402009762,0.05054890442839638,0.019942590924899542,0.0041804523197170596,0.017482272418132983,0.028461606465084936,0.01884384481948976,0.008031829046960544,0.03982497101213889,0.13462216358475013,0.0322914356396176,0.13476401427958704,0.09938672001813903,0.10150399050623801,0.023826093994978197,0.10493008329805303,0.10888021817068813
0.215,0.25012729801588,0.09408366730773783,0.17893355371942743,0.04855424793632399,0.11406570099484528,0.021731303645960542,0.051858711959900744,0.021221270913186107,0.004398419087488434,0.01817647149054709,0.02938811342220387,0.019725350478073195,0.008357724575348321,0.04152563798701304,0.1362615689041535,0.033427196188788866,0.13760112692262144,0.10246362041608634,0.10446614314294214,0.024703605159802227,0.10853713749995071,0.11364794493599928
0.2175,0.2501327740319628,0.0952987679735813,0.18048169047505724,0.04970002834979394,0.11521186938042992,0.022365667780781324,0.053170311772331835,0.022553625178746768,0.004621931465435884,0.01887781738343652,0.030335485795547127,0.020626017999674878,0.008688392333897794,0.04327483204316619,0.1378362045733451,0.03459764037557261,0.14029655280297756,0.10548355277598144,0.10738136574172742,0.02557799957421345,0.1121011523304065,0.11834671323358578
0.22,0.25013882106775426,0.09650403468307331,0.1819998682399378,0.050845064310717863,0.11633866568570117,0.02300625506511415,0.05448193502234882,0.023938225589032944,0.004850843783631301,0.01958676485309885,0.03130514795579164,0.021544986184245773,0.009024055698522163,0.045069923442390705,0.13935435498375093,0.035803806797626646,0.14285201741093725,0.10843673915752812,0.11024291793313161,0.026447522244797732,0.11561766669801656,0.12295504192870758
0.2225,0.2501423661011018,0.0976972011226384,0.18348906918661562,0.051988672312150284,0.11744654302938315,0.023652951934595403,0.05579370150020669,0.025373642139385987,0.005085099740313299,0.02030362682974336,0.032297833952433436,0.022481182783115724,0.009364720594247491,0.046907585446809896,0.14081402782381652,0.0370478894468825,0.1452640422285911,0.11131861655673023,0.11304341544797251,0.027309667230785876,0.11906784128978268,0.12745335336492428
0.225,0.2501463063639036,0.09888060607615957,0.1849494841996702,0.05312905928239581,0.11853516293500165,0.024305197360080022,0.05710448153622637,0.026859066694237616,0.005324516112070065,0.021029541792238628,0.03331587977917568,0.02343438832070887,0.009710664738008454,0.04878503467227527,0.14222468100415137,0.03833221635712592,0.14753136275311465,0.11412109352222609,0.11577695689585547,0.028163276416639505,0.12244273901959844,0.13182098594737546
0.2275,0.25014839752993606,0.10005248315561795,0.1863823384783691,0.05426705929037412,0.11960578162446638,0.02496324248155462,0.05841409346857011,0.028392039790503653,0.005568982481798757,0.02176527560917863,0.03435920659424442,0.02440320753792389,0.010062170695616301,0.050699057488800756,0.14358385691475772,0.03965750121336674,0.1496663906113703,0.11684092409200492,0.11843820468881752,0.02900732447857502,0.12573277243968944,0.13603992996694653
0.23,0.2501509654506701,0.10121485875745038,0.18778823935962993,0.05540183434409513,0.12065831003214147,0.025626301486141954,0.05972151835807978,0.029970589797650955,0.005818395529057667,0.022512002567808623,0.0354296486555773,0.02538667023798381,0.010419467001468025,0.05264447776561639,0.14489767310921972,0.041025059994260274,0.1516610593445688,0.119475387946175,0.12102358831404345,0.02983917845189829,0.1289303763889401,0.1400912529177372
0.2325,0.25015469117077305,0.10236706357818395,0.18916715448008728,0.056533429616274423,0.12169320224341064,0.026295265559452687,0.06102616945783658,0.0315939886599128,0.006072630672270647,0.023270994070113214,0.03652721092948126,0.026384669033721983,0.010783050177616792,0.05461741690109412,0.14616838813094155,0.042435939782682196,0.15352948181177337,0.12201184566610598,0.12352870843877449,0.030659676811436103,0.13202843110104245,0.14396138818326873
0.235,0.2501562810690099,0.10350838430110615,0.19051961555000244,0.057660980165301676,0.12271036693038444,0.026968846190470058,0.06232784166075391,0.033257534701101,0.0063315936275154736,0.024043703160436993,0.03765074397220664,0.027396452150841993,0.011153210883727373,0.05661351436477512,0.14740061377175348,0.04389177370589501,0.15526780824025532,0.1244575426958938,0.12594936268929482,0.03146664173622482,0.13501734019552047,0.14763504156796886
0.2375,0.250157551627777,0.10464036740171256,0.19184722948650096,0.05878460349541609,0.12371061285008154,0.027647391373338367,0.06362611957459702,0.03496107560801845,0.00659515261056047,0.024831422608894,0.03880213821868319,0.028419737274734184,0.011530456388080583,0.058626020634130055,0.14859390145137005,0.04539343993790157,0.15689050032003102,0.12680609829691877,0.12828690701018147,0.03225984217837492,0.13788792998884336,0.15109998919107334
0.24,0.25015844659931635,0.10576224598118784,0.19314967981008516,0.059903916607426146,0.1246936918172625,0.02833011293301241,0.06492035790991285,0.036699407553159855,0.006863223368815241,0.025635557506428472,0.039979169468075317,0.029455856158616057,0.011915195439773934,0.060652023378616096,0.14975322838357677,0.046940692583529946,0.15839728152251184,0.12905253029421307,0.13053928440486048,0.03304043714954058,0.14064101995053144,0.15434502586873186
0.2425,0.2501587770986959,0.10687376893543944,0.1944275755206311,0.06101801243349724,0.12566039582431862,0.0290173676498085,0.06620987405122244,0.03847286963841579,0.0071357709579141495,0.026458221105306438,0.04118181430133612,0.030503582532148733,0.01230801130710255,0.06268662041253611,0.15088172658125917,0.048534907335424586,0.15979905414353276,0.13120123371562503,0.1327046261136152,0.03380674825132296,0.1432710757490731,0.1573626154317118
0.245,0.2501602923493116,0.10797730286868512,0.19568168331597266,0.06212708196780746,0.12661114651789404,0.0297094317834641,0.06749474065573112,0.04027685489502589,0.007412656127127917,0.027299013538687588,0.042409200862944155,0.03156083906105685,0.012709369413972774,0.0647239891251752,0.1519785186893759,0.05017540428645157,0.16109751064956135,0.13325289569245308,0.1347847084484965,0.03456097924208885,0.14577056853252834,0.1601454663862384
0.2475,0.25016029405282,0.10907019648084035,0.19691231850235302,0.06323123464691477,0.12754557101405434,0.030405510044197018,0.06877405497794255,0.042109069344028506,0.0076938367291823195,0.028160976835062426,0.043660049061177764,0.03262806207789593,0.013119780737356606,0.06675979799565857,0.15304727283288083,0.05186277545500005,0.16230586137353264,0.1352007290636094,0.13678045059350039,0.03530298455035317,0.1481445252932286,0.16268942423644292
0.25,0.250159683280313,0.10977212810030354,0.19772260156296334,0.06417090906508556,0.12816715428847492,0.030953808431068437,0.06977969403155251,0.0437215916570019,0.00790242086104795,0.029159058459475088,0.04527796986313265,0.033787589960264715,0.013341478006498758,0.06890804418656078,0.15452839552347467,0.05308044642873963,0.1638310835645228,0.13803953661588114,0.139288431489722,0.03560778156577176,0.15096933339934576,0.16465288964646954
